frame,wall_ms,delta_ms,instances,draws,regenerated,batches,setpass,triangles,MGTerrain.ShadowSelection,MGTerrain.InstanceUpdate,MGTerrain.DetailSelection,MGTerrain.DetailCandidates,MGTerrain.GpuPrepare,MGTerrain.SurfaceRendering,MGTerrain.ResidentVisibility,MGTerrain.ResidentVisibility.Compare,MGTerrain.ResidentVisibility.BuildCommands,MGTerrain.ResidentVisibility.Upload,MGTerrain.GPUCulling,RenderLoop.Draw,RenderLoop.DrawSRPBatcher,Gfx.WaitForPresentOnGfxThread,PlayerLoop
1200,5.0580,4.4604,41422,1,0,2136,53,5053768,0.0000,0.0173,0.0045,0.0000,0.0000,0.0669,0.0000,0.0283,0.0000,0.0000,0.0000,0.0000,0.5645,0.0000,3.5419
1201,4.5993,4.6158,41422,1,0,2136,53,5053768,0.0000,0.0192,0.0047,0.0000,0.0000,0.0859,0.0000,0.0298,0.0000,0.0000,0.0000,0.0000,0.6345,0.0000,3.6175
1202,3.6990,4.5032,41422,1,0,2130,53,5053576,0.0000,0.0197,0.0048,0.0000,0.0000,0.0793,0.0000,0.0285,0.0000,0.0000,0.0000,0.0000,0.5490,0.0000,3.5852
1203,4.5506,3.7139,41422,1,0,2121,53,5053288,0.0000,0.0171,0.0050,0.0000,0.0000,0.0806,0.0000,0.0276,0.0000,0.0000,0.0000,0.0000,0.5455,0.0000,2.8733
1204,4.2684,4.6165,41422,1,0,2112,53,5053000,0.0000,0.0173,0.0048,0.0000,0.0000,0.0831,0.0000,0.0284,0.0000,0.0000,0.0000,0.0000,0.6332,0.0000,3.4412
1205,6.2171,4.1512,41422,1,0,2104,53,5052744,0.0000,0.0180,0.0043,0.0000,0.0000,0.0707,0.0000,0.0452,0.0000,0.0000,0.0000,0.0000,0.4536,0.0000,3.3383
1206,4.7263,6.2625,41422,1,0,2093,53,5052392,0.0000,0.0167,0.0046,0.0000,0.0000,0.0726,0.0000,0.0275,0.0000,0.0000,0.0000,0.0000,0.4841,0.0000,5.2950
1207,5.8728,4.7403,41422,1,0,2080,53,5051916,0.0000,0.0168,0.0040,0.0000,0.0000,0.0723,0.0000,0.0287,0.0000,0.0000,0.0000,0.0000,0.5521,0.0000,3.8746
1208,5.5159,5.8443,41422,1,0,2069,53,5051564,0.0000,0.0160,0.0046,0.0000,0.0000,0.0708,0.0000,0.0270,0.0000,0.0000,0.0000,0.0000,0.4665,0.0000,4.9692
1209,4.8960,5.4955,41422,1,0,2062,53,5051328,0.0000,0.0162,0.0044,0.0000,0.0000,0.0812,0.0000,0.0272,0.0000,0.0000,0.0000,0.0000,0.4861,0.0000,4.6271
1210,6.1550,5.0203,41422,1,0,2048,53,5050880,0.0000,0.0159,0.0042,0.0000,0.0000,0.0641,0.0000,0.0277,0.0000,0.0000,0.0000,0.0000,0.5430,0.0000,4.0736
1211,4.3164,6.0452,41422,1,0,2039,53,5050580,0.0000,0.0188,0.0045,0.0000,0.0000,0.0934,0.0000,0.0292,0.0000,0.0000,0.0000,0.0000,0.4868,0.0000,5.0586
1212,8.3070,4.3273,40548,1,90,2026,53,5050164,0.0000,0.0171,0.0043,0.0000,0.0000,0.0717,0.0000,0.0287,0.0000,0.0000,0.0000,0.0000,0.5176,0.0000,3.4150
1213,3.9302,8.2997,40548,1,0,2014,53,4958170,0.0000,1.8826,1.8644,0.8733,0.4656,0.1050,0.0000,0.0000,0.0000,0.0001,0.0000,0.0000,0.5193,0.0000,7.4339
1214,5.0136,3.9582,40548,1,0,2005,53,4957882,0.0000,0.0153,0.0044,0.0000,0.0000,0.0611,0.0000,0.0264,0.0000,0.0000,0.0000,0.0000,0.7487,0.0000,3.0504
1215,4.0824,4.9825,40548,1,0,1989,53,4957370,0.0000,0.0185,0.0042,0.0000,0.0000,0.0820,0.0000,0.0292,0.0000,0.0000,0.0000,0.0000,0.5310,0.0000,4.1164
1216,6.5164,4.0843,40548,1,0,1986,53,4957274,0.0000,0.0158,0.0044,0.0000,0.0000,0.0859,0.0000,0.0271,0.0000,0.0000,0.0000,0.0000,0.4780,0.0000,3.1954
1217,4.3726,6.5893,40548,1,0,1986,53,4957274,0.0000,0.0178,0.0048,0.0000,0.0000,0.0769,0.0000,0.0438,0.0000,0.0000,0.0000,0.0000,0.5150,0.0000,5.5944
1218,5.5775,4.3992,40548,1,0,1975,53,4956922,0.0000,0.0169,0.0044,0.0000,0.0000,0.0710,0.0000,0.0275,0.0000,0.0000,0.0000,0.0000,0.4926,0.0000,3.4227
1219,5.6956,5.4233,40548,1,0,1954,53,4956250,0.0000,0.0167,0.0044,0.0000,0.0000,0.0798,0.0000,0.0272,0.0000,0.0000,0.0000,0.0000,0.4180,0.0000,4.5657
1220,4.8524,5.7514,40548,1,0,1946,53,4955994,0.0000,0.0166,0.0046,0.0000,0.0000,0.0796,0.0000,0.0514,0.0000,0.0000,0.0000,0.0000,0.4826,0.0000,4.7301
1221,5.6665,4.8474,40548,1,0,1936,53,4955614,0.0000,0.0159,0.0045,0.0000,0.0000,0.0742,0.0000,0.0271,0.0000,0.0000,0.0000,0.0000,0.5065,0.0000,3.9757
1222,4.7170,5.7390,40548,1,0,1927,53,4955326,0.0000,0.0163,0.0045,0.0000,0.0000,0.0685,0.0000,0.0263,0.0000,0.0000,0.0000,0.0000,0.4135,0.0000,4.8617
1223,6.0437,4.6314,40548,1,0,1921,53,4955134,0.0000,0.0173,0.0042,0.0000,0.0000,0.0808,0.0000,0.0271,0.0000,0.0000,0.0000,0.0000,0.4534,0.0000,3.7837
1224,7.3229,6.1144,40329,1,90,1915,53,4954942,0.0000,0.0167,0.0043,0.0000,0.0000,0.0615,0.0000,0.0271,0.0000,0.0000,0.0000,0.0000,0.4918,0.0000,5.2009
1225,3.9922,7.4354,40329,1,0,1906,53,4931659,0.0000,1.7465,1.7299,0.7442,0.4530,0.0927,0.0000,0.0000,0.0000,0.0000,0.0000,0.0000,0.4530,0.0000,6.3645
1226,4.3066,3.8852,40329,1,0,1896,53,4931339,0.0000,0.0158,0.0047,0.0000,0.0000,0.0680,0.0000,0.0278,0.0000,0.0000,0.0000,0.0000,0.4309,0.0000,2.9971
1227,5.8649,4.2752,40329,1,0,1884,53,4930955,0.0000,0.0163,0.0049,0.0000,0.0000,0.1141,0.0000,0.0267,0.0000,0.0000,0.0000,0.0000,0.4864,0.0000,3.3768
1228,4.4639,5.8478,40329,1,0,1878,53,4930763,0.0000,0.0163,0.0045,0.0000,0.0000,0.0855,0.0000,0.0267,0.0000,0.0000,0.0000,0.0000,0.4605,0.0000,4.8811
1229,6.1442,4.6440,40329,1,0,1871,53,4930539,0.0000,0.0176,0.0046,0.0000,0.0000,0.0781,0.0000,0.0277,0.0000,0.0000,0.0000,0.0000,0.5137,0.0000,3.5855
1230,5.1082,6.0797,40329,1,0,1861,53,4930219,0.0000,0.0178,0.0046,0.0000,0.0000,0.0687,0.0000,0.0280,0.0000,0.0000,0.0000,0.0000,0.4469,0.0000,4.9648
1231,4.5740,4.9852,40329,1,0,1850,53,4929867,0.0000,0.0531,0.0047,0.0000,0.0000,0.0860,0.0000,0.0284,0.0000,0.0000,0.0000,0.0000,0.4537,0.0000,4.0679
1232,5.7985,4.7208,40329,1,0,1842,53,4929551,0.0000,0.0165,0.0044,0.0000,0.0000,0.0724,0.0000,0.0281,0.0000,0.0000,0.0000,0.0000,0.5084,0.0000,3.7270
1233,4.6075,5.7048,40329,1,0,1834,53,4929295,0.0000,0.0156,0.0047,0.0000,0.0000,0.0736,0.0000,0.0270,0.0000,0.0000,0.0000,0.0000,0.4074,0.0000,4.7332
1234,14.8331,4.7113,40329,1,0,1824,53,4928975,0.0000,0.0177,0.0043,0.0000,0.0000,0.1184,0.0000,0.0272,0.0000,0.0000,0.0000,0.0000,0.6736,0.0000,3.6585
1235,4.0561,14.8284,40329,1,0,1818,53,4928783,0.0000,0.0203,0.0052,0.0000,0.0000,0.0794,0.0000,0.0311,0.0000,0.0000,0.0000,0.0000,0.5884,0.0000,5.6184
1236,3.7390,3.9252,40329,1,0,1817,53,4928739,0.0000,0.0178,0.0044,0.0000,0.0000,0.0847,0.0000,0.0289,0.0000,0.0000,0.0000,0.0000,0.4793,0.0000,3.0564
1237,5.9798,3.7547,39890,1,44,1800,53,4928195,0.0000,0.0146,0.0045,0.0000,0.0000,0.0588,0.0000,0.0272,0.0000,0.0000,0.0000,0.0000,0.4427,0.0000,2.9168
1238,4.8415,5.9479,39890,1,0,1794,53,4881908,0.0000,1.5716,1.5570,0.8299,0.4675,0.0874,0.0000,0.0000,0.0000,0.0001,0.0000,0.0000,0.6959,0.0000,4.9256
1239,3.9581,4.8578,39890,1,0,1788,53,4881716,0.0000,0.0189,0.0047,0.0000,0.0000,0.0779,0.0000,0.0282,0.0000,0.0000,0.0000,0.0000,0.4789,0.0000,3.9541
1240,5.5574,4.3442,39890,1,0,1778,53,4881396,0.0000,0.0157,0.0044,0.0000,0.0000,0.0681,0.0000,0.0284,0.0000,0.0000,0.0000,0.0000,0.6881,0.0000,3.0246
1241,5.1197,5.2946,39890,1,0,1775,53,4881300,0.0000,0.0197,0.0042,0.0000,0.0000,0.0955,0.0000,0.0298,0.0000,0.0000,0.0000,0.0000,0.7420,0.0000,3.8450
1242,5.3691,5.1117,39890,1,0,1762,53,4880836,0.0000,0.0235,0.0051,0.0000,0.0000,0.0955,0.0000,0.0290,0.0000,0.0000,0.0000,0.0000,1.1810,0.0000,3.5127
1243,4.8172,5.4749,39890,1,0,1755,53,4880612,0.0000,0.0247,0.0055,0.0000,0.0000,0.0936,0.0000,0.0366,0.0000,0.0000,0.0000,0.0000,0.5345,0.0000,3.8439
1244,4.3846,4.7360,39890,1,0,1748,53,4880388,0.0000,0.0187,0.0043,0.0000,0.0000,0.0837,0.0000,0.0301,0.0000,0.0000,0.0000,0.0000,0.4932,0.0000,3.4735
1245,4.6145,4.2764,39890,1,0,1738,53,4880068,0.0000,0.0172,0.0046,0.0000,0.0000,0.0654,0.0000,0.0394,0.0000,0.0000,0.0000,0.0000,0.4447,0.0000,3.0322
1246,4.9836,4.7736,39890,1,0,1732,53,4879876,0.0000,0.0182,0.0046,0.0000,0.0000,0.0689,0.0000,0.0346,0.0000,0.0000,0.0000,0.0000,0.5079,0.0000,3.2680
1247,5.0258,5.0067,39890,1,0,1723,53,4879588,0.0000,0.0174,0.0042,0.0000,0.0000,0.0695,0.0000,0.0286,0.0000,0.0000,0.0000,0.0000,0.5395,0.0000,3.4941
1248,5.1200,4.9531,39890,1,0,1719,53,4879460,0.0000,0.0184,0.0044,0.0000,0.0000,0.0736,0.0000,0.0286,0.0000,0.0000,0.0000,0.0000,0.4352,0.0000,3.3460
1249,5.1193,5.1331,39890,1,0,1719,53,4879460,0.0000,0.0159,0.0046,0.0000,0.0000,0.0697,0.0000,0.0266,0.0000,0.0000,0.0000,0.0000,0.5106,0.0000,3.5931
1250,6.9156,5.1211,39935,1,90,1692,53,4878548,0.0000,0.0258,0.0056,0.0000,0.0000,0.1767,0.0000,0.0275,0.0000,0.0000,0.0000,0.0000,0.4869,0.0000,3.5700
1251,4.5540,6.8871,39935,1,0,1692,53,4883273,0.0000,1.5366,1.5221,0.7273,0.5251,0.0795,0.0000,0.0000,0.0000,0.0000,0.0000,0.0000,0.4941,0.0000,5.5144
1252,4.4428,4.6125,39935,1,0,1692,53,4883273,0.0000,0.0170,0.0047,0.0000,0.0000,0.0717,0.0000,0.0289,0.0000,0.0000,0.0000,0.0000,0.4709,0.0000,3.2921
1253,4.9192,4.5499,39935,1,0,1680,53,4882889,0.0000,0.0172,0.0044,0.0000,0.0000,0.0702,0.0000,0.0281,0.0000,0.0000,0.0000,0.0000,0.4243,0.0000,3.1765
1254,4.4902,4.6525,39935,1,0,1674,53,4882697,0.0000,0.0191,0.0046,0.0000,0.0000,0.0790,0.0000,0.0281,0.0000,0.0000,0.0000,0.0000,0.4796,0.0000,3.3684
1255,4.9659,4.6180,39935,1,0,1667,53,4882473,0.0000,0.0178,0.0048,0.0000,0.0000,0.0661,0.0000,0.0287,0.0000,0.0000,0.0000,0.0000,0.4626,0.0000,3.3265
1256,4.8244,4.8957,39935,1,0,1664,53,4882377,0.0000,0.0192,0.0045,0.0000,0.0000,0.0805,0.0000,0.0349,0.0000,0.0000,0.0000,0.0000,0.5456,0.0000,3.5581
1257,6.1633,4.7784,39935,1,0,1654,53,4882009,0.0000,0.0174,0.0047,0.0000,0.0000,0.0724,0.0000,0.0284,0.0000,0.0000,0.0000,0.0000,0.4972,0.0000,3.4387
1258,4.9640,6.2167,39935,1,0,1651,53,4881913,0.0000,0.0181,0.0041,0.0000,0.0000,0.0761,0.0000,0.0286,0.0000,0.0000,0.0000,0.0000,0.4466,0.0000,4.7985
1259,5.2991,5.0122,39935,1,0,1644,53,4881689,0.0000,0.0197,0.0049,0.0000,0.0000,0.0807,0.0000,0.0296,0.0000,0.0000,0.0000,0.0000,0.4422,0.0000,3.6888
1260,4.8139,5.3325,39935,1,0,1634,53,4881369,0.0000,0.0175,0.0045,0.0000,0.0000,0.0666,0.0000,0.0273,0.0000,0.0000,0.0000,0.0000,0.4703,0.0000,4.0711
1261,5.2696,4.7004,39935,1,0,1628,53,4881177,0.0000,0.0173,0.0047,0.0000,0.0000,0.0768,0.0000,0.0278,0.0000,0.0000,0.0000,0.0000,0.4290,0.0000,3.3754
1262,4.7963,5.3582,39935,1,0,1625,53,4881081,0.0000,0.0163,0.0046,0.0000,0.0000,0.0778,0.0000,0.0292,0.0000,0.0000,0.0000,0.0000,0.4796,0.0000,3.6950
1263,5.5260,4.7115,39935,1,0,1618,53,4880809,0.0000,0.0183,0.0045,0.0000,0.0000,0.0903,0.0000,0.0286,0.0000,0.0000,0.0000,0.0000,0.3870,0.0000,3.3972
1264,7.2691,5.5887,39234,1,45,1612,53,4880617,0.0000,0.0180,0.0045,0.0000,0.0000,0.0780,0.0000,0.0288,0.0000,0.0000,0.0000,0.0000,0.4763,0.0000,3.7753
1265,4.4590,7.2211,39234,1,0,1605,53,4806788,0.0000,1.4590,1.4436,0.7403,0.4729,0.0780,0.0000,0.0000,0.0000,0.0001,0.0000,0.0000,0.4717,0.0000,5.9254
1266,4.5959,4.5088,39234,1,0,1599,53,4806596,0.0000,0.0168,0.0041,0.0000,0.0000,0.0661,0.0000,0.0284,0.0000,0.0000,0.0000,0.0000,0.4713,0.0000,3.1616
1267,4.3888,4.6148,39234,1,0,1596,53,4806500,0.0000,0.0191,0.0045,0.0000,0.0000,0.0794,0.0000,0.0300,0.0000,0.0000,0.0000,0.0000,0.4656,0.0000,3.2218
1268,6.0183,4.2859,39234,1,0,1590,53,4806308,0.0000,0.0185,0.0043,0.0000,0.0000,0.0919,0.0000,0.0299,0.0000,0.0000,0.0000,0.0000,0.4686,0.0000,3.2463
1269,4.3793,6.0287,39234,1,0,1582,53,4806004,0.0000,0.8125,0.7983,0.7752,0.0000,0.0788,0.0000,0.0281,0.0000,0.0000,0.0000,0.0000,0.4701,0.0000,4.7055
1270,5.2869,4.3391,39234,1,0,1573,53,4805716,0.0000,0.0189,0.0049,0.0000,0.0000,0.0700,0.0000,0.0295,0.0000,0.0000,0.0000,0.0000,0.4201,0.0000,3.1594
1271,4.8058,5.3318,39234,1,0,1573,53,4805716,0.0000,0.0246,0.0070,0.0000,0.0000,0.0853,0.0000,0.0390,0.0000,0.0000,0.0000,0.0000,0.4278,0.0000,3.8214
1272,18.2720,4.8585,39234,1,0,1570,53,4805620,0.0000,0.0184,0.0055,0.0000,0.0000,0.0765,0.0000,0.0285,0.0000,0.0000,0.0000,0.0000,0.4599,0.0000,3.4875
1273,4.8367,18.2833,39234,1,0,1560,53,4805288,0.0000,0.0215,0.0059,0.0000,0.0000,0.0897,0.0000,0.0301,0.0000,0.0000,0.0000,0.0000,0.5666,0.0000,4.1709
1274,4.2264,4.7746,39234,1,0,1556,53,4805112,0.0000,0.0172,0.0055,0.0000,0.0000,0.0705,0.0000,0.0291,0.0000,0.0000,0.0000,0.0000,0.4685,0.0000,3.6459
1275,4.3861,4.2597,39234,1,0,1550,53,4804920,0.0000,0.0184,0.0054,0.0000,0.0000,0.0682,0.0000,0.0302,0.0000,0.0000,0.0000,0.0000,0.4044,0.0000,3.0086
1276,4.6347,4.4995,39234,1,0,1546,53,4800968,0.0000,0.0169,0.0056,0.0000,0.0000,0.0663,0.0000,0.0290,0.0000,0.0000,0.0000,0.0000,0.4573,0.0000,3.1749
1277,4.8439,4.5352,39234,1,0,1540,53,4800776,0.0000,0.0190,0.0055,0.0000,0.0000,0.0709,0.0000,0.0298,0.0000,0.0000,0.0000,0.0000,0.4250,0.0000,3.0432
1278,4.3424,4.8101,39234,1,0,1533,53,4800504,0.0000,0.0205,0.0053,0.0000,0.0000,0.0817,0.0000,0.0297,0.0000,0.0000,0.0000,0.0000,0.4790,0.0000,3.4356
1279,5.0272,4.6718,39234,1,0,1530,53,4800408,0.0000,0.0184,0.0057,0.0000,0.0000,0.0672,0.0000,0.0291,0.0000,0.0000,0.0000,0.0000,0.4282,0.0000,2.9932
1280,7.2056,4.9459,39280,1,225,1524,53,4800216,0.0000,0.0181,0.0051,0.0000,0.0000,0.0736,0.0000,0.0374,0.0000,0.0000,0.0000,0.0000,0.4632,0.0000,3.4126
1281,4.3231,7.0261,39280,1,0,1524,53,4805046,0.0000,1.8517,1.8366,0.7494,0.4765,0.0840,0.0000,0.0000,0.0000,0.0001,0.0000,0.0000,0.4640,0.0000,5.6272
1282,5.1874,4.2902,39280,1,0,1518,53,4804854,0.0000,0.0189,0.0055,0.0000,0.0000,0.0711,0.0000,0.0377,0.0000,0.0000,0.0000,0.0000,0.4211,0.0000,3.0718
1283,5.1959,5.3022,39280,1,0,1514,53,4804678,0.0000,0.0180,0.0052,0.0000,0.0000,0.0721,0.0000,0.0281,0.0000,0.0000,0.0000,0.0000,0.5219,0.0000,3.5414
1284,4.4213,5.0681,39280,1,0,1508,53,4804486,0.0000,0.0216,0.0070,0.0000,0.0000,0.0815,0.0000,0.0387,0.0000,0.0000,0.0000,0.0000,0.4950,0.0000,3.7414
1285,4.5725,4.3017,39280,1,0,1505,53,4804390,0.0000,0.0184,0.0055,0.0000,0.0000,0.0804,0.0000,0.0288,0.0000,0.0000,0.0000,0.0000,0.4300,0.0000,3.0787
1286,4.4714,4.6376,39280,1,0,1505,53,4804390,0.0000,0.0293,0.0176,0.0068,0.0000,0.0668,0.0000,0.0271,0.0000,0.0000,0.0000,0.0000,0.4636,0.0000,3.5645
1287,7.2717,4.7067,39280,1,0,1492,53,4803926,0.0000,0.0292,0.0154,0.0000,0.0000,0.0748,0.0000,0.0312,0.0000,0.0000,0.0000,0.0000,0.4275,0.0000,3.3972
1288,5.6538,7.1858,39280,1,0,1492,53,4803926,0.0000,0.0184,0.0056,0.0000,0.0000,0.0725,0.0000,0.0292,0.0000,0.0000,0.0000,0.0000,0.4618,0.0000,5.6543
1289,6.8130,5.6111,39280,1,0,1489,53,4803830,0.0000,0.0201,0.0056,0.0000,0.0000,0.1279,0.0000,0.0290,0.0000,0.0000,0.0000,0.0000,0.4852,0.0000,3.2434
1290,4.6179,6.8497,39280,1,0,1486,53,4803734,0.0000,0.0195,0.0053,0.0000,0.0000,0.0776,0.0000,0.0304,0.0000,0.0000,0.0000,0.0000,0.4854,0.0000,3.4432
1291,4.2581,4.4978,39280,1,0,1479,53,4803462,0.0000,0.0195,0.0053,0.0000,0.0000,0.0805,0.0000,0.0305,0.0000,0.0000,0.0000,0.0000,0.4111,0.0000,3.2936
1292,4.7861,4.3520,39280,1,0,1476,53,4803366,0.0000,0.0188,0.0055,0.0000,0.0000,0.0679,0.0000,0.0309,0.0000,0.0000,0.0000,0.0000,0.4721,0.0000,3.1517
1293,4.5337,4.9405,39280,1,0,1476,53,4803366,0.0000,0.0177,0.0057,0.0000,0.0000,0.0720,0.0000,0.0290,0.0000,0.0000,0.0000,0.0000,0.4167,0.0000,3.1664
1294,4.5607,4.2730,39280,1,0,1470,53,4803138,0.0000,0.0190,0.0055,0.0000,0.0000,0.0740,0.0000,0.0289,0.0000,0.0000,0.0000,0.0000,0.4393,0.0000,3.0950
1295,4.5174,4.6176,39280,1,0,1467,53,4803042,0.0000,0.0178,0.0054,0.0000,0.0000,0.0667,0.0000,0.0266,0.0000,0.0000,0.0000,0.0000,0.3923,0.0000,3.2378
1296,4.0334,4.4537,39280,1,0,1464,53,4802946,0.0000,0.0194,0.0057,0.0000,0.0000,0.0758,0.0000,0.0293,0.0000,0.0000,0.0000,0.0000,0.4179,0.0000,3.2479
1297,4.6110,4.1868,39280,1,0,1464,53,4802946,0.0000,0.0165,0.0053,0.0000,0.0000,0.0677,0.0000,0.0279,0.0000,0.0000,0.0000,0.0000,0.5791,0.0000,2.9955
1298,4.4976,4.4460,39280,1,0,1455,53,4802622,0.0000,0.0181,0.0056,0.0000,0.0000,0.0751,0.0000,0.0282,0.0000,0.0000,0.0000,0.0000,0.4148,0.0000,3.2260
1299,5.1276,4.6670,39280,1,0,1455,53,4802622,0.0000,0.0210,0.0064,0.0000,0.0000,0.1034,0.0000,0.0266,0.0000,0.0000,0.0000,0.0000,0.4320,0.0000,3.2458
1300,7.0722,4.9665,39104,1,133,1452,53,4802526,0.0000,0.0190,0.0059,0.0000,0.0000,0.0855,0.0000,0.0292,0.0000,0.0000,0.0000,0.0000,0.4052,0.0000,3.5526
1301,5.1997,7.3433,39104,1,0,1449,53,4783914,0.0000,1.8098,1.7915,0.7791,0.4937,0.0892,0.0000,0.0000,0.0000,0.0003,0.0000,0.0000,0.4697,0.0000,6.0074
1302,4.8019,5.1019,39104,1,0,1449,53,4783914,0.0000,0.0193,0.0052,0.0000,0.0000,0.0749,0.0000,0.0284,0.0000,0.0000,0.0000,0.0000,0.4809,0.0000,3.5758
1303,5.6573,4.7128,39104,1,0,1446,53,4783818,0.0000,0.0199,0.0050,0.0000,0.0000,0.0820,0.0000,0.0307,0.0000,0.0000,0.0000,0.0000,0.3733,0.0000,3.4465
1304,4.6566,5.7203,39104,1,0,1443,53,4841510,0.0000,0.0273,0.0073,0.0000,0.0000,0.2658,0.0000,0.0393,0.0000,0.0000,0.0000,0.0000,0.5164,0.0000,4.0122
1305,4.7045,4.5344,39104,1,0,1440,53,4841414,0.0000,0.0193,0.0058,0.0000,0.0000,0.0761,0.0000,0.0289,0.0000,0.0000,0.0000,0.0000,0.3882,0.0000,3.1380
1306,5.4829,4.7350,39104,1,0,1440,53,4841414,0.0000,0.0203,0.0052,0.0000,0.0000,0.0798,0.0000,0.0289,0.0000,0.0000,0.0000,0.0000,0.4433,0.0000,3.3942
1307,5.1380,5.5578,39104,1,0,1437,53,4841282,0.0000,0.0204,0.0055,0.0000,0.0000,0.0772,0.0000,0.0311,0.0000,0.0000,0.0000,0.0000,0.5165,0.0000,4.1530
1308,5.4380,5.1263,39104,1,0,1433,53,4837360,0.0000,0.0300,0.0171,0.0067,0.0000,0.0743,0.0000,0.0288,0.0000,0.0000,0.0000,0.0000,0.3961,0.0000,3.5937
1309,4.3640,5.3587,39104,1,0,1433,53,4837360,0.0000,0.0195,0.0060,0.0000,0.0000,0.0807,0.0000,0.0290,0.0000,0.0000,0.0000,0.0000,0.4428,0.0000,3.5858
1310,19.5883,4.5450,39104,1,0,1427,53,4837132,0.0000,0.0172,0.0054,0.0000,0.0000,0.0676,0.0000,0.0285,0.0000,0.0000,0.0000,0.0000,0.4181,0.0000,3.1068
1311,5.0215,19.5441,39104,1,0,1427,53,4837132,0.0000,0.0234,0.0062,0.0000,0.0000,0.1005,0.0000,0.0302,0.0000,0.0000,0.0000,0.0000,0.4709,0.0000,3.8904
1312,4.9268,4.8109,39104,1,0,1424,53,4837036,0.0000,0.0190,0.0055,0.0000,0.0000,0.0731,0.0000,0.0289,0.0000,0.0000,0.0000,0.0000,0.3924,0.0000,3.4526
1313,5.0617,5.1162,39104,1,0,1421,53,4836904,0.0000,0.0201,0.0052,0.0000,0.0000,0.0934,0.0000,0.0295,0.0000,0.0000,0.0000,0.0000,0.4689,0.0000,3.5296
1314,4.5658,5.0041,39104,1,0,1421,53,4836904,0.0000,0.0196,0.0057,0.0000,0.0000,0.0763,0.0000,0.0283,0.0000,0.0000,0.0000,0.0000,0.4683,0.0000,3.5186
1315,4.7452,4.4776,39104,1,0,1421,53,4836904,0.0000,0.0209,0.0056,0.0000,0.0000,0.0725,0.0000,0.0284,0.0000,0.0000,0.0000,0.0000,0.4130,0.0000,3.3707
1316,5.1699,4.9682,39104,1,0,1418,53,4836772,0.0000,0.0263,0.0089,0.0000,0.0000,0.1011,0.0000,0.0289,0.0000,0.0000,0.0000,0.0000,0.5378,0.0000,3.5388
1317,5.4306,5.3889,39104,1,0,1418,53,4836772,0.0000,0.0192,0.0058,0.0000,0.0000,0.0751,0.0000,0.0455,0.0000,0.0000,0.0000,0.0000,0.4170,0.0000,3.5423
1318,4.3434,5.0252,39104,1,0,1418,53,4836772,0.0000,0.0195,0.0053,0.0000,0.0000,0.0836,0.0000,0.0287,0.0000,0.0000,0.0000,0.0000,0.4789,0.0000,3.4940
1319,5.4231,4.5755,39104,1,0,1415,53,4836640,0.0000,0.0176,0.0054,0.0000,0.0000,0.0638,0.0000,0.0279,0.0000,0.0000,0.0000,0.0000,0.4096,0.0000,3.0571
1320,5.1522,5.2264,39104,1,0,1415,53,4836640,0.0000,0.0177,0.0053,0.0000,0.0000,0.0777,0.0000,0.0287,0.0000,0.0000,0.0000,0.0000,0.4244,0.0000,3.4649
1321,4.5923,5.3322,39104,1,0,1415,53,4836640,0.0000,0.0178,0.0055,0.0000,0.0000,0.0755,0.0000,0.0283,0.0000,0.0000,0.0000,0.0000,0.4778,0.0000,3.5202
1322,5.1035,4.4269,39104,1,0,1412,53,4836508,0.0000,0.0181,0.0056,0.0000,0.0000,0.0827,0.0000,0.0281,0.0000,0.0000,0.0000,0.0000,0.3943,0.0000,3.0348
1323,5.3350,5.1511,39104,1,0,1412,53,4836508,0.0000,0.0205,0.0055,0.0000,0.0000,0.0918,0.0000,0.0290,0.0000,0.0000,0.0000,0.0000,0.4156,0.0000,3.6573
1324,4.7560,5.2452,39104,1,0,1412,53,4836508,0.0000,0.0181,0.0049,0.0000,0.0000,0.0674,0.0000,0.0299,0.0000,0.0000,0.0000,0.0000,0.4697,0.0000,3.5253
1325,4.7951,4.6644,39104,1,0,1409,53,4836376,0.0000,0.0202,0.0053,0.0000,0.0000,0.0765,0.0000,0.0303,0.0000,0.0000,0.0000,0.0000,0.3803,0.0000,3.2707
1326,4.5303,5.0197,39104,1,0,1409,53,4836376,0.0000,0.0186,0.0056,0.0000,0.0000,0.0724,0.0000,0.0280,0.0000,0.0000,0.0000,0.0000,0.5291,0.0000,3.4762
1327,4.5775,4.2666,39104,1,0,1404,52,4832536,0.0000,0.0188,0.0053,0.0000,0.0000,0.0753,0.0000,0.0284,0.0000,0.0000,0.0000,0.0000,0.4097,0.0000,3.0766
1328,4.8395,4.7923,39104,1,0,1404,52,4832536,0.0000,0.0189,0.0054,0.0000,0.0000,0.0807,0.0000,0.0279,0.0000,0.0000,0.0000,0.0000,0.4790,0.0000,3.5082
1329,5.0827,4.7666,39104,1,0,1401,52,4832404,0.0000,0.0185,0.0059,0.0000,0.0000,0.0712,0.0000,0.0281,0.0000,0.0000,0.0000,0.0000,0.4008,0.0000,3.4771
1330,8.2787,5.1327,39104,1,0,1401,52,4832404,0.0000,0.0198,0.0053,0.0000,0.0000,0.0789,0.0000,0.0292,0.0000,0.0000,0.0000,0.0000,0.4587,0.0000,3.3721
1331,9.0805,11.3136,39104,1,0,1401,52,4832404,0.0000,0.0237,0.0080,0.0000,0.0000,0.0732,0.0000,0.0363,0.0000,0.0000,0.0000,0.0000,0.4764,0.0000,6.9685
1332,9.4436,9.0038,39104,1,0,1398,52,4832272,0.0000,0.0214,0.0062,0.0000,0.0000,0.1010,0.0000,0.0316,0.0000,0.0000,0.0000,0.0000,0.5719,0.0000,6.8855
1333,14.6701,10.1212,39104,1,0,1398,52,4832272,0.0000,0.0202,0.0056,0.0000,0.0000,0.0821,0.0000,0.0292,0.0000,0.0000,0.0000,0.0000,0.4464,0.0000,7.5100
1334,21.6380,18.9082,39104,1,0,1398,52,4832272,0.0000,0.0193,0.0053,0.0000,0.0000,0.0821,0.0000,0.0324,0.0000,0.0000,0.0000,0.0000,0.4303,0.0000,14.9423
1335,25.5774,17.4957,39008,1,305,1398,52,4832272,0.0000,0.0229,0.0059,0.0000,0.0000,0.1125,0.0000,0.0302,0.0000,0.0000,0.0000,0.0000,0.5055,0.0000,8.7249
1336,54.2297,26.6803,39008,1,0,1395,52,4822060,0.0000,7.9570,7.9396,0.7409,1.1561,0.1111,0.0000,0.0000,0.0000,0.0001,0.0000,0.0000,0.4587,0.0000,17.9122
1337,4.6059,49.4952,39008,1,0,1395,52,4822060,0.0000,0.0212,0.0052,0.0000,0.0000,0.0933,0.0000,0.0302,0.0000,0.0000,0.0000,0.0000,0.4567,0.0000,7.7048
1338,4.1044,4.4058,39008,1,0,1395,52,4822060,0.0000,0.0194,0.0052,0.0000,0.0000,0.0682,0.0000,0.0280,0.0000,0.0000,0.0000,0.0000,0.4982,0.0000,3.1495
1339,5.1388,4.1289,39008,1,0,1395,52,4822060,0.0000,0.0188,0.0054,0.0000,0.0000,0.0667,0.0000,0.0293,0.0000,0.0000,0.0000,0.0000,0.3995,0.0000,2.8556
1340,4.2903,5.2699,39008,1,0,1395,52,4822060,0.0000,0.0187,0.0054,0.0000,0.0000,0.0745,0.0000,0.0292,0.0000,0.0000,0.0000,0.0000,1.0652,0.0000,3.7084
1341,5.4967,4.3859,39008,1,0,1395,52,4822060,0.0000,0.0179,0.0055,0.0000,0.0000,0.0709,0.0000,0.0281,0.0000,0.0000,0.0000,0.0000,0.3159,0.0000,2.7950
1342,4.5083,5.2110,39008,1,0,1395,52,4822060,0.0000,0.0295,0.0099,0.0000,0.0000,0.1298,0.0000,0.0274,0.0000,0.0000,0.0000,0.0000,0.4264,0.0000,3.6979
1343,4.5841,4.6671,39008,1,0,1395,52,4822060,0.0000,0.0179,0.0051,0.0000,0.0000,0.0735,0.0000,0.0276,0.0000,0.0000,0.0000,0.0000,0.4004,0.0000,3.1602
1344,4.4054,4.4505,39008,1,0,1393,52,4756524,0.0000,0.0192,0.0057,0.0000,0.0000,0.0802,0.0000,0.0303,0.0000,0.0000,0.0000,0.0000,0.3710,0.0000,3.0548
1345,4.7349,4.5372,39008,1,0,1393,52,4756524,0.0000,0.0169,0.0056,0.0000,0.0000,0.0654,0.0000,0.0276,0.0000,0.0000,0.0000,0.0000,0.4119,0.0000,3.2186
1346,4.3669,4.5861,39008,1,0,1393,52,4756524,0.0000,0.0239,0.0073,0.0000,0.0000,0.0906,0.0000,0.0382,0.0000,0.0000,0.0000,0.0000,0.3730,0.0000,3.1106
1347,4.1211,4.3887,39008,1,0,1393,52,4756524,0.0000,0.0190,0.0051,0.0000,0.0000,0.0727,0.0000,0.0277,0.0000,0.0000,0.0000,0.0000,0.4057,0.0000,3.1819
1348,3.8902,4.1900,39008,1,0,1393,52,4756524,0.0000,0.0182,0.0056,0.0000,0.0000,0.0733,0.0000,0.0270,0.0000,0.0000,0.0000,0.0000,0.3569,0.0000,2.7531
1349,3.7976,3.8097,39008,1,0,1393,52,4756524,0.0000,0.0184,0.0050,0.0000,0.0000,0.0705,0.0000,0.0280,0.0000,0.0000,0.0000,0.0000,0.3801,0.0000,2.9373
1350,3.8348,3.8147,39008,1,0,1393,52,4756524,0.0000,0.0185,0.0055,0.0000,0.0000,0.0681,0.0000,0.0271,0.0000,0.0000,0.0000,0.0000,0.3856,0.0000,2.8751
1351,3.7244,3.8307,39008,1,0,1393,52,4756524,0.0000,0.0171,0.0055,0.0000,0.0000,0.0620,0.0000,0.0263,0.0000,0.0000,0.0000,0.0000,0.3779,0.0000,2.9374
1352,5.1728,3.6353,39008,1,0,1393,52,4756524,0.0000,0.0173,0.0057,0.0000,0.0000,0.0676,0.0000,0.0280,0.0000,0.0000,0.0000,0.0000,0.4057,0.0000,2.7920
1353,4.9638,5.3198,39008,1,0,1393,52,4756524,0.0000,0.0161,0.0053,0.0000,0.0000,0.0640,0.0000,0.0265,0.0000,0.0000,0.0000,0.0000,0.3968,0.0000,4.3025
1354,4.7644,4.8019,39008,1,0,1393,52,4756524,0.0000,0.0179,0.0053,0.0000,0.0000,0.0717,0.0000,0.0275,0.0000,0.0000,0.0000,0.0000,0.3573,0.0000,3.9188
1355,5.8738,4.8196,39008,1,0,1393,52,4756524,0.0000,0.0195,0.0053,0.0000,0.0000,0.0793,0.0000,0.0290,0.0000,0.0000,0.0000,0.0000,0.3632,0.0000,3.8978
1356,5.2826,6.1154,39008,1,0,1393,52,4756524,0.0000,0.0166,0.0054,0.0000,0.0000,0.0701,0.0000,0.0277,0.0000,0.0000,0.0000,0.0000,0.4255,0.0000,4.9561
1357,4.3809,5.0492,39008,1,0,1393,52,4756524,0.0000,0.0180,0.0060,0.0000,0.0000,0.0713,0.0000,0.0271,0.0000,0.0000,0.0000,0.0000,0.3795,0.0000,4.1179
1358,5.3054,4.3239,39008,1,0,1393,52,4756524,0.0000,0.0168,0.0055,0.0000,0.0000,0.0711,0.0000,0.0274,0.0000,0.0000,0.0000,0.0000,0.4415,0.0000,3.4913
1359,5.1372,5.5128,39008,1,0,1395,52,4822060,0.0000,0.0167,0.0052,0.0000,0.0000,0.0667,0.0000,0.0272,0.0000,0.0000,0.0000,0.0000,0.3458,0.0000,4.4320
1360,5.2207,4.9351,39008,1,0,1395,52,4822060,0.0000,0.0172,0.0054,0.0000,0.0000,0.0776,0.0000,0.0281,0.0000,0.0000,0.0000,0.0000,0.3804,0.0000,4.0096
1361,5.3831,5.4124,39008,1,0,1395,52,4822060,0.0000,0.0165,0.0050,0.0000,0.0000,0.0630,0.0000,0.0275,0.0000,0.0000,0.0000,0.0000,0.5090,0.0000,4.3549
1362,4.2261,5.1705,39008,1,0,1395,52,4822060,0.0000,0.0175,0.0051,0.0000,0.0000,0.0758,0.0000,0.0278,0.0000,0.0000,0.0000,0.0000,0.3253,0.0000,4.2883
1363,5.6898,4.2794,39008,1,0,1395,52,4822060,0.0000,0.0187,0.0052,0.0000,0.0000,0.0690,0.0000,0.0271,0.0000,0.0000,0.0000,0.0000,0.4386,0.0000,3.3873
1364,6.0730,5.8119,39008,1,0,1395,52,4822060,0.0000,0.0180,0.0049,0.0000,0.0000,0.0687,0.0000,0.0280,0.0000,0.0000,0.0000,0.0000,0.5009,0.0000,4.8269
1365,4.1384,5.9741,39008,1,0,1395,52,4822060,0.0000,0.0199,0.0056,0.0000,0.0000,0.1803,0.0000,0.0286,0.0000,0.0000,0.0000,0.0000,0.4995,0.0000,4.9545
1366,5.4233,4.1844,39008,1,0,1395,52,4822060,0.0000,0.0204,0.0056,0.0000,0.0000,0.0706,0.0000,0.0282,0.0000,0.0000,0.0000,0.0000,0.4164,0.0000,3.2257
1367,4.5147,5.3255,39008,1,0,1398,52,4822192,0.0000,0.0187,0.0052,0.0000,0.0000,0.0749,0.0000,0.0285,0.0000,0.0000,0.0000,0.0000,0.3817,0.0000,4.3659
1368,14.3270,5.0301,39008,1,0,1398,52,4822192,0.0000,0.0186,0.0060,0.0000,0.0000,0.1157,0.0000,0.0275,0.0000,0.0000,0.0000,0.0000,0.3764,0.0000,3.6101
1369,4.4700,13.9620,39008,1,0,1398,52,4822192,0.0000,0.0196,0.0057,0.0000,0.0000,0.0815,0.0000,0.0293,0.0000,0.0000,0.0000,0.0000,0.5361,0.0000,4.6900
1370,3.5807,4.4770,39008,1,0,1398,52,4822192,0.0000,0.0196,0.0058,0.0000,0.0000,0.0737,0.0000,0.0279,0.0000,0.0000,0.0000,0.0000,0.3865,0.0000,3.3559
1371,3.6222,3.4441,39008,1,0,1401,52,4822324,0.0000,0.0176,0.0054,0.0000,0.0000,0.0628,0.0000,0.0260,0.0000,0.0000,0.0000,0.0000,0.3919,0.0000,2.6113
1372,4.3156,3.6254,39008,1,0,1401,52,4822324,0.0000,0.0174,0.0052,0.0000,0.0000,0.0650,0.0000,0.0273,0.0000,0.0000,0.0000,0.0000,0.3634,0.0000,2.7778
1373,4.5758,4.6555,39008,1,0,1401,52,4822324,0.0000,0.0312,0.0171,0.0067,0.0000,0.0707,0.0000,0.0287,0.0000,0.0000,0.0000,0.0000,0.5589,0.0000,3.4846
1374,3.4112,4.1923,39008,1,0,1401,52,4822324,0.0000,0.0212,0.0058,0.0000,0.0000,0.0865,0.0000,0.0291,0.0000,0.0000,0.0000,0.0000,0.3916,0.0000,3.1634
1375,3.3695,3.4636,39008,1,0,1404,52,4822456,0.0000,0.0176,0.0052,0.0000,0.0000,0.0634,0.0000,0.0263,0.0000,0.0000,0.0000,0.0000,0.3219,0.0000,2.6319
1376,4.8168,3.3225,39008,1,0,1404,52,4822456,0.0000,0.0173,0.0051,0.0000,0.0000,0.0642,0.0000,0.0267,0.0000,0.0000,0.0000,0.0000,0.3715,0.0000,2.5194
1377,5.7759,4.9272,39008,1,0,1404,52,4822456,0.0000,0.0159,0.0055,0.0000,0.0000,0.0658,0.0000,0.0254,0.0000,0.0000,0.0000,0.0000,0.3338,0.0000,3.9764
1378,4.5640,5.6761,39008,1,0,1407,52,4822588,0.0000,0.0193,0.0052,0.0000,0.0000,0.0747,0.0000,0.0277,0.0000,0.0000,0.0000,0.0000,0.3515,0.0000,4.6602
1379,5.7856,4.6789,39008,1,0,1407,52,4822588,0.0000,0.0171,0.0050,0.0000,0.0000,0.0641,0.0000,0.0268,0.0000,0.0000,0.0000,0.0000,0.3922,0.0000,3.7326
1380,4.4692,5.7030,39008,1,0,1407,52,4822588,0.0000,0.0172,0.0054,0.0000,0.0000,0.0699,0.0000,0.0263,0.0000,0.0000,0.0000,0.0000,0.3656,0.0000,4.7212
1381,5.8786,4.5926,39008,1,0,1410,52,4822720,0.0000,0.0186,0.0060,0.0000,0.0000,0.0883,0.0000,0.0309,0.0000,0.0000,0.0000,0.0000,0.4030,0.0000,3.5669
1382,5.0838,5.7448,39008,1,0,1410,52,4822720,0.0000,0.0175,0.0056,0.0000,0.0000,0.0706,0.0000,0.0277,0.0000,0.0000,0.0000,0.0000,0.3585,0.0000,4.8379
1383,7.5615,5.0962,39008,1,0,1410,52,4822720,0.0000,0.0185,0.0056,0.0000,0.0000,0.0671,0.0000,0.0264,0.0000,0.0000,0.0000,0.0000,0.4052,0.0000,4.1745
1384,7.9990,7.6419,39008,1,0,1413,52,4822852,0.0000,0.0203,0.0057,0.0000,0.0000,0.0758,0.0000,0.0282,0.0000,0.0000,0.0000,0.0000,0.4319,0.0000,6.6219
1385,10.3021,7.8973,39008,1,0,1413,52,4822852,0.0000,0.0191,0.0047,0.0000,0.0000,0.0759,0.0000,0.0292,0.0000,0.0000,0.0000,0.0000,0.5654,0.0000,3.0596
1386,4.0154,10.3313,39008,1,0,1413,52,4822852,0.0000,0.0197,0.0055,0.0000,0.0000,0.0781,0.0000,0.0274,0.0000,0.0000,0.0000,0.0000,0.5153,0.0000,3.5113
1387,3.6714,4.0295,39008,1,0,1416,52,4822984,0.0000,0.0186,0.0057,0.0000,0.0000,0.0710,0.0000,0.0273,0.0000,0.0000,0.0000,0.0000,0.4263,0.0000,3.1423
1388,3.5202,3.7186,39008,1,0,1416,52,4822984,0.0000,0.0179,0.0051,0.0000,0.0000,0.0810,0.0000,0.0255,0.0000,0.0000,0.0000,0.0000,0.3404,0.0000,2.7318
1389,3.7886,3.4274,39008,1,0,1416,52,4822984,0.0000,0.0153,0.0054,0.0000,0.0000,0.0802,0.0000,0.0261,0.0000,0.0000,0.0000,0.0000,0.5177,0.0000,2.6307
1390,3.4417,3.8392,39008,1,0,1419,52,4823116,0.0000,0.0171,0.0051,0.0000,0.0000,0.0678,0.0000,0.0277,0.0000,0.0000,0.0000,0.0000,0.3457,0.0000,2.9126
1391,3.4357,3.4245,39008,1,0,1423,52,4827038,0.0000,0.0161,0.0055,0.0000,0.0000,0.0587,0.0000,0.0260,0.0000,0.0000,0.0000,0.0000,0.4384,0.0000,2.5389
1392,3.3096,3.4104,39008,1,0,1423,52,4827038,0.0000,0.0165,0.0052,0.0000,0.0000,0.0643,0.0000,0.0272,0.0000,0.0000,0.0000,0.0000,0.4227,0.0000,2.5725
1393,6.2847,3.3934,39008,1,0,1429,52,4827266,0.0000,0.0166,0.0053,0.0000,0.0000,0.0746,0.0000,0.0260,0.0000,0.0000,0.0000,0.0000,0.4824,0.0000,2.5027
1394,4.6210,6.1637,39008,1,0,1429,52,4827266,0.0000,0.0179,0.0054,0.0000,0.0000,0.0762,0.0000,0.0287,0.0000,0.0000,0.0000,0.0000,0.3424,0.0000,5.2691
1395,5.1879,4.7041,39008,1,0,1429,52,4827266,0.0000,0.0182,0.0052,0.0000,0.0000,0.0663,0.0000,0.0285,0.0000,0.0000,0.0000,0.0000,0.3805,0.0000,3.6115
1396,5.0902,5.1006,39008,1,0,1435,52,4827494,0.0000,0.0177,0.0058,0.0000,0.0000,0.0832,0.0000,0.0278,0.0000,0.0000,0.0000,0.0000,0.3925,0.0000,4.2802
1397,5.0905,5.2609,39008,1,0,1435,52,4827494,0.0000,0.0184,0.0052,0.0000,0.0000,0.0786,0.0000,0.0280,0.0000,0.0000,0.0000,0.0000,0.4374,0.0000,4.2406
1398,5.4868,4.9439,39008,1,0,1438,52,4827590,0.0000,0.0182,0.0050,0.0000,0.0000,0.0726,0.0000,0.0276,0.0000,0.0000,0.0000,0.0000,0.3581,0.0000,4.0494
1399,4.2911,5.5829,39008,1,0,1438,52,4827590,0.0000,0.0182,0.0051,0.0000,0.0000,0.0691,0.0000,0.0272,0.0000,0.0000,0.0000,0.0000,0.3997,0.0000,4.5671
1400,8.6050,4.2189,38530,1,315,1441,52,4769898,0.0000,0.0170,0.0057,0.0000,0.0000,0.1812,0.0000,0.0286,0.0000,0.0000,0.0000,0.0000,0.3775,0.0000,3.4095
1401,5.8553,8.8256,38627,1,97,1444,52,4719804,0.0000,2.0184,2.0004,0.7436,0.5333,0.1025,0.0000,0.0000,0.0000,0.0001,0.0000,0.0000,0.4175,0.0000,7.7000
1402,3.5938,5.5960,38627,1,0,1444,52,4729989,0.0000,1.4061,1.3901,0.6895,0.5016,0.0946,0.0000,0.0000,0.0000,0.0001,0.0000,0.0000,0.4118,0.0000,4.7816
1403,3.6484,3.6501,38627,1,0,1450,52,4730217,0.0000,0.0180,0.0052,0.0000,0.0000,0.0667,0.0000,0.0273,0.0000,0.0000,0.0000,0.0000,0.3815,0.0000,2.7848
1404,3.7775,3.6632,38627,1,0,1450,52,4730217,0.0000,0.0282,0.0174,0.0067,0.0000,0.0633,0.0000,0.0263,0.0000,0.0000,0.0000,0.0000,0.3888,0.0000,2.8009
1405,5.7427,3.7799,38627,1,0,1450,52,4730217,0.0000,0.0160,0.0057,0.0000,0.0000,0.0619,0.0000,0.0260,0.0000,0.0000,0.0000,0.0000,0.4163,0.0000,2.8947
1406,5.4780,5.6359,38627,1,0,1459,52,4730541,0.0000,0.0159,0.0055,0.0000,0.0000,0.0797,0.0000,0.0262,0.0000,0.0000,0.0000,0.0000,0.3417,0.0000,4.8064
1407,13.1611,5.7007,38627,1,0,1459,52,4730541,0.0000,0.0192,0.0053,0.0000,0.0000,0.0737,0.0000,0.0270,0.0000,0.0000,0.0000,0.0000,0.3896,0.0000,4.6334
1408,4.4671,13.1950,38627,1,0,1465,52,4730733,0.0000,0.0198,0.0058,0.0000,0.0000,0.0752,0.0000,0.0471,0.0000,0.0000,0.0000,0.0000,0.5090,0.0000,4.3341
1409,3.8515,4.2759,38627,1,0,1465,52,4730733,0.0000,0.0199,0.0052,0.0000,0.0000,0.0769,0.0000,0.0307,0.0000,0.0000,0.0000,0.0000,0.5793,0.0000,3.3018
1410,3.9305,3.8631,38627,1,0,1471,52,4730961,0.0000,0.0192,0.0055,0.0000,0.0000,0.0661,0.0000,0.0264,0.0000,0.0000,0.0000,0.0000,0.4384,0.0000,3.0155
1411,4.1286,4.1722,38627,1,0,1474,52,4731057,0.0000,0.0187,0.0053,0.0000,0.0000,0.0710,0.0000,0.0291,0.0000,0.0000,0.0000,0.0000,0.3941,0.0000,2.9791
1412,3.8299,3.9586,38627,1,0,1477,52,4731153,0.0000,0.0188,0.0054,0.0000,0.0000,0.0698,0.0000,0.0271,0.0000,0.0000,0.0000,0.0000,0.5279,0.0000,3.0202
1413,3.6289,3.7657,38627,1,0,1481,52,4731329,0.0000,0.0175,0.0056,0.0000,0.0000,0.0755,0.0000,0.0290,0.0000,0.0000,0.0000,0.0000,0.3577,0.0000,2.8488
1414,4.3277,3.6009,38627,1,0,1484,52,4731425,0.0000,0.0179,0.0055,0.0000,0.0000,0.0641,0.0000,0.0265,0.0000,0.0000,0.0000,0.0000,0.3958,0.0000,2.7781
1415,4.6685,4.3048,38627,1,0,1487,52,4731521,0.0000,0.0179,0.0053,0.0000,0.0000,0.0691,0.0000,0.0270,0.0000,0.0000,0.0000,0.0000,0.3733,0.0000,3.4166
1416,5.5483,4.8133,38627,1,0,1487,52,4731521,0.0000,0.0167,0.0057,0.0000,0.0000,0.0793,0.0000,0.0263,0.0000,0.0000,0.0000,0.0000,0.3717,0.0000,3.8720
1417,4.9698,5.3966,38627,1,0,1500,52,4731985,0.0000,0.0163,0.0056,0.0000,0.0000,0.0684,0.0000,0.0270,0.0000,0.0000,0.0000,0.0000,0.3391,0.0000,4.5577
1418,5.1089,5.1386,38627,1,0,1500,52,4731985,0.0000,0.0162,0.0054,0.0000,0.0000,0.0642,0.0000,0.0261,0.0000,0.0000,0.0000,0.0000,0.3888,0.0000,4.1158
1419,5.7800,4.9990,38627,1,0,1503,52,4732081,0.0000,0.0167,0.0052,0.0000,0.0000,0.0780,0.0000,0.0267,0.0000,0.0000,0.0000,0.0000,0.4783,0.0000,4.0706
1420,4.6301,5.7532,38627,1,0,1509,52,4732273,0.0000,0.0176,0.0053,0.0000,0.0000,0.0757,0.0000,0.0303,0.0000,0.0000,0.0000,0.0000,0.4303,0.0000,4.8273
1421,7.2573,4.7131,38277,1,45,1516,52,4732545,0.0000,0.1798,0.1666,0.0884,0.0000,0.0690,0.0000,0.0271,0.0000,0.0000,0.0000,0.0000,0.4069,0.0000,3.6713
1422,103.4264,7.2041,38277,1,0,1519,52,4695891,0.0000,1.3355,1.3210,0.6518,0.4514,0.0803,0.0000,0.0000,0.0000,0.0001,0.0000,0.0000,0.4993,0.0000,6.3078
1423,4.4927,103.7938,38277,1,0,1519,52,4695891,0.0000,0.0371,0.0179,0.0072,0.0000,0.1373,0.0000,0.0298,0.0000,0.0000,0.0000,0.0000,0.5668,0.0000,19.5521
1424,3.8860,4.1866,38277,1,0,1525,52,4696083,0.0000,0.0194,0.0056,0.0000,0.0000,0.0819,0.0000,0.0314,0.0000,0.0000,0.0000,0.0000,0.4703,0.0000,3.2284
1425,3.4374,3.7730,38277,1,0,1529,52,4700035,0.0000,0.0200,0.0055,0.0000,0.0000,0.0757,0.0000,0.0292,0.0000,0.0000,0.0000,0.0000,0.3725,0.0000,2.9290
1426,4.0977,3.4748,38277,1,0,1536,52,4700307,0.0000,0.0163,0.0053,0.0000,0.0000,0.0621,0.0000,0.0263,0.0000,0.0000,0.0000,0.0000,0.3912,0.0000,2.6515
1427,3.5821,4.0885,38277,1,0,1543,52,4700543,0.0000,0.0185,0.0055,0.0000,0.0000,0.0712,0.0000,0.0281,0.0000,0.0000,0.0000,0.0000,0.4349,0.0000,3.2289
1428,11.5879,3.5685,38277,1,0,1546,52,4700639,0.0000,0.0253,0.0136,0.0000,0.0000,0.0621,0.0000,0.0276,0.0000,0.0000,0.0000,0.0000,0.3504,0.0000,2.7503
1429,4.4426,11.8448,38277,1,0,1552,52,4700831,0.0000,0.0201,0.0059,0.0000,0.0000,0.0760,0.0000,0.0286,0.0000,0.0000,0.0000,0.0000,0.4681,0.0000,3.3328
1430,3.4330,4.1684,38277,1,0,1552,52,4700831,0.0000,0.0191,0.0056,0.0000,0.0000,0.0790,0.0000,0.0267,0.0000,0.0000,0.0000,0.0000,0.3647,0.0000,3.3718
1431,3.6930,3.4291,38277,1,0,1568,52,4701391,0.0000,0.0175,0.0053,0.0000,0.0000,0.0651,0.0000,0.0266,0.0000,0.0000,0.0000,0.0000,0.5645,0.0000,2.6351
1432,3.5781,3.7036,38277,1,0,1568,52,4701391,0.0000,0.0165,0.0053,0.0000,0.0000,0.0653,0.0000,0.0267,0.0000,0.0000,0.0000,0.0000,0.3705,0.0000,2.8897
1433,3.8687,3.6192,38277,1,0,1568,52,4701391,0.0000,0.0167,0.0053,0.0000,0.0000,0.0605,0.0000,0.0263,0.0000,0.0000,0.0000,0.0000,0.4158,0.0000,2.7949
1434,3.3464,3.8075,38277,1,0,1577,52,4701679,0.0000,0.0202,0.0055,0.0000,0.0000,0.0831,0.0000,0.0292,0.0000,0.0000,0.0000,0.0000,0.4099,0.0000,2.8916
1435,3.5609,3.4046,38277,1,0,1581,52,4701807,0.0000,0.0167,0.0056,0.0000,0.0000,0.0600,0.0000,0.0262,0.0000,0.0000,0.0000,0.0000,0.3364,0.0000,2.5718
1436,3.5264,3.5026,38277,1,0,1591,52,4702175,0.0000,0.0167,0.0053,0.0000,0.0000,0.0637,0.0000,0.0271,0.0000,0.0000,0.0000,0.0000,0.3469,0.0000,2.7302
1437,6.2663,3.5590,38541,1,45,1594,52,4702271,0.0000,0.1779,0.1670,0.0890,0.0000,0.0618,0.0000,0.0278,0.0000,0.0000,0.0000,0.0000,0.4556,0.0000,2.7509
1438,3.4857,6.3127,38541,1,0,1600,52,4730183,0.0000,1.3871,1.3710,0.6748,0.4575,0.0836,0.0000,0.0000,0.0000,0.0001,0.0000,0.0000,0.4569,0.0000,5.3913
1439,5.4085,3.4502,38541,1,0,1607,52,4730407,0.0000,0.0267,0.0141,0.0047,0.0000,0.0632,0.0000,0.0273,0.0000,0.0000,0.0000,0.0000,0.3765,0.0000,2.6070
1440,4.4111,5.3709,38541,1,0,1613,52,4730599,0.0000,0.0171,0.0055,0.0000,0.0000,0.0716,0.0000,0.0277,0.0000,0.0000,0.0000,0.0000,0.3948,0.0000,4.3028
1441,5.8655,4.5001,38541,1,0,1616,52,4730695,0.0000,0.0158,0.0053,0.0000,0.0000,0.0659,0.0000,0.0277,0.0000,0.0000,0.0000,0.0000,0.3895,0.0000,3.6606
1442,4.7412,5.8163,38541,1,0,1624,52,4730999,0.0000,0.0187,0.0054,0.0000,0.0000,0.0771,0.0000,0.0295,0.0000,0.0000,0.0000,0.0000,0.5799,0.0000,4.9188
1443,5.1759,4.7805,38541,1,0,1630,52,4731191,0.0000,0.0190,0.0050,0.0000,0.0000,0.0834,0.0000,0.0281,0.0000,0.0000,0.0000,0.0000,0.4241,0.0000,3.8487
1444,16.2701,5.1151,38541,1,0,1640,52,4731511,0.0000,0.0211,0.0060,0.0000,0.0000,0.1173,0.0000,0.0303,0.0000,0.0000,0.0000,0.0000,0.4026,0.0000,4.2503
1445,4.1371,16.4471,38541,1,0,1643,52,4731607,0.0000,0.0208,0.0053,0.0000,0.0000,0.0859,0.0000,0.0312,0.0000,0.0000,0.0000,0.0000,0.4926,0.0000,5.0978
1446,3.3544,4.0198,38541,1,0,1649,52,4731799,0.0000,0.0198,0.0052,0.0000,0.0000,0.0767,0.0000,0.0298,0.0000,0.0000,0.0000,0.0000,0.3901,0.0000,3.1236
1447,3.8351,3.2779,38541,1,0,1655,52,4731991,0.0000,0.0174,0.0054,0.0000,0.0000,0.0628,0.0000,0.0278,0.0000,0.0000,0.0000,0.0000,0.3946,0.0000,2.5000
1448,4.0218,3.9373,38541,1,0,1665,52,4732359,0.0000,0.0177,0.0057,0.0000,0.0000,0.0644,0.0000,0.0286,0.0000,0.0000,0.0000,0.0000,0.4941,0.0000,3.0899
1449,3.9278,3.9054,38541,1,0,1669,52,4732487,0.0000,0.0169,0.0056,0.0000,0.0000,0.0685,0.0000,0.0305,0.0000,0.0000,0.0000,0.0000,0.5920,0.0000,2.9830
1450,3.7691,4.0048,38541,1,0,1675,52,4732679,0.0000,0.0180,0.0053,0.0000,0.0000,0.0675,0.0000,0.0282,0.0000,0.0000,0.0000,0.0000,0.4463,0.0000,3.1188
1451,5.7234,3.7379,38413,1,135,1687,52,4733063,0.0000,0.1817,0.1686,0.0889,0.0000,0.0660,0.0000,0.0281,0.0000,0.0000,0.0000,0.0000,0.3987,0.0000,2.9038
1452,3.7141,5.7936,38413,1,0,1687,52,4719623,0.0000,1.4841,1.4709,0.6584,0.4721,0.0784,0.0000,0.0000,0.0000,0.0001,0.0000,0.0000,0.4442,0.0000,4.9279
1453,3.7876,3.5842,38413,1,0,1690,52,4719719,0.0000,0.0251,0.0140,0.0047,0.0000,0.0643,0.0000,0.0271,0.0000,0.0000,0.0000,0.0000,0.4740,0.0000,2.7975
1454,4.4370,3.9265,38413,1,0,1703,52,4720135,0.0000,0.0165,0.0055,0.0000,0.0000,0.0643,0.0000,0.0267,0.0000,0.0000,0.0000,0.0000,0.4564,0.0000,3.0176
1455,6.2538,4.3096,38413,1,0,1711,52,4720391,0.0000,0.0168,0.0051,0.0000,0.0000,0.0649,0.0000,0.0269,0.0000,0.0000,0.0000,0.0000,0.4319,0.0000,3.4765
1456,4.3416,6.3027,38413,1,0,1721,52,4720759,0.0000,0.0174,0.0057,0.0000,0.0000,0.0770,0.0000,0.0286,0.0000,0.0000,0.0000,0.0000,0.4704,0.0000,5.2221
1457,5.8107,4.3820,38413,1,0,1724,52,4720855,0.0000,0.0178,0.0053,0.0000,0.0000,0.0873,0.0000,0.0288,0.0000,0.0000,0.0000,0.0000,0.4795,0.0000,3.5154
1458,4.3652,5.9545,38413,1,0,1734,52,4721175,0.0000,0.0178,0.0052,0.0000,0.0000,0.0774,0.0000,0.0278,0.0000,0.0000,0.0000,0.0000,0.3639,0.0000,4.8619
1459,5.1021,4.1946,38413,1,0,1740,52,4721367,0.0000,0.0179,0.0052,0.0000,0.0000,0.0724,0.0000,0.0280,0.0000,0.0000,0.0000,0.0000,0.5268,0.0000,3.3659
1460,6.2133,5.0366,38413,1,0,1747,52,4721591,0.0000,0.0178,0.0051,0.0000,0.0000,0.0683,0.0000,0.0269,0.0000,0.0000,0.0000,0.0000,0.3850,0.0000,4.2435
1461,4.2522,6.3637,38413,1,0,1760,52,4722007,0.0000,0.0185,0.0055,0.0000,0.0000,0.0793,0.0000,0.0309,0.0000,0.0000,0.0000,0.0000,0.5223,0.0000,5.2983
1462,6.0238,4.1707,38413,1,0,1763,52,4722103,0.0000,0.0189,0.0054,0.0000,0.0000,0.0699,0.0000,0.0275,0.0000,0.0000,0.0000,0.0000,0.4679,0.0000,3.3279
1463,4.6086,6.0647,38413,1,0,1770,52,4722339,0.0000,0.0202,0.0048,0.0000,0.0000,0.0852,0.0000,0.0292,0.0000,0.0000,0.0000,0.0000,0.4936,0.0000,5.0584
1464,6.9747,4.5461,38328,1,0,1780,52,4722707,0.0000,0.1857,0.1717,0.0892,0.0000,0.0760,0.0000,0.0295,0.0000,0.0000,0.0000,0.0000,0.4696,0.0000,3.6521
1465,3.6097,7.0316,38328,1,0,1787,52,4714006,0.0000,1.0071,0.9924,0.5684,0.4227,0.0834,0.0000,0.0000,0.0000,0.0001,0.0000,0.0000,0.4636,0.0000,6.0650
1466,4.8243,3.5023,38328,1,0,1796,52,4714294,0.0000,0.0279,0.0164,0.0062,0.0000,0.0626,0.0000,0.0284,0.0000,0.0000,0.0000,0.0000,0.5550,0.0000,2.6982
1467,5.9047,4.9061,38328,1,0,1802,52,4714486,0.0000,0.0194,0.0057,0.0000,0.0000,0.0727,0.0000,0.0287,0.0000,0.0000,0.0000,0.0000,0.4680,0.0000,3.9821
1468,13.0712,5.9381,38328,1,0,1809,52,4714710,0.0000,0.0172,0.0053,0.0000,0.0000,0.0681,0.0000,0.0285,0.0000,0.0000,0.0000,0.0000,0.4671,0.0000,4.8674
1469,3.7738,13.0885,38328,1,0,1819,52,4715030,0.0000,0.0223,0.0058,0.0000,0.0000,0.0852,0.0000,0.0273,0.0000,0.0000,0.0000,0.0000,0.6105,0.0000,4.6884
1470,3.6673,3.6908,38328,1,0,1825,52,4715222,0.0000,0.0178,0.0049,0.0000,0.0000,0.0687,0.0000,0.0274,0.0000,0.0000,0.0000,0.0000,0.6353,0.0000,2.8684
1471,3.4137,3.6214,38328,1,0,1835,52,4715542,0.0000,0.0182,0.0052,0.0000,0.0000,0.0674,0.0000,0.0276,0.0000,0.0000,0.0000,0.0000,0.4545,0.0000,2.8311
1472,3.9553,3.4946,38328,1,0,1842,52,4715766,0.0000,0.0163,0.0052,0.0000,0.0000,0.0630,0.0000,0.0260,0.0000,0.0000,0.0000,0.0000,0.3940,0.0000,2.6555
1473,3.5036,3.9118,38328,1,0,1852,52,4716086,0.0000,0.0174,0.0053,0.0000,0.0000,0.0828,0.0000,0.0277,0.0000,0.0000,0.0000,0.0000,0.5294,0.0000,3.0769
1474,4.3256,3.5131,38328,1,0,1863,52,4716498,0.0000,0.0175,0.0051,0.0000,0.0000,0.0628,0.0000,0.0265,0.0000,0.0000,0.0000,0.0000,0.4803,0.0000,2.6977
1475,5.8962,4.3643,38328,1,0,1869,52,4716690,0.0000,0.0184,0.0052,0.0000,0.0000,0.0697,0.0000,0.0269,0.0000,0.0000,0.0000,0.0000,0.4659,0.0000,3.5048
1476,4.6660,5.8684,38328,1,0,1878,52,4716978,0.0000,0.0177,0.0055,0.0000,0.0000,0.0695,0.0000,0.0284,0.0000,0.0000,0.0000,0.0000,0.5019,0.0000,4.8458
1477,7.0494,4.6822,38502,1,0,1887,52,4717266,0.0000,0.1830,0.1703,0.0893,0.0000,0.0886,0.0000,0.0288,0.0000,0.0000,0.0000,0.0000,0.4210,0.0000,3.7369
1478,3.5827,7.0462,38502,1,0,1897,52,4735856,0.0000,0.9630,0.9511,0.5307,0.4408,0.0764,0.0000,0.0000,0.0000,0.0001,0.0000,0.0000,0.4903,0.0000,5.9718
1479,4.8599,3.5777,38502,1,0,1907,52,4736176,0.0000,0.0271,0.0152,0.0051,0.0000,0.0655,0.0000,0.0326,0.0000,0.0000,0.0000,0.0000,0.4032,0.0000,2.7286
1480,5.8080,4.8367,38502,1,0,1913,52,4736368,0.0000,0.0177,0.0058,0.0000,0.0000,0.0913,0.0000,0.0325,0.0000,0.0000,0.0000,0.0000,0.4819,0.0000,3.9036
1481,5.3074,5.8607,38502,1,0,1919,52,4736560,0.0000,0.0175,0.0054,0.0000,0.0000,0.0789,0.0000,0.0273,0.0000,0.0000,0.0000,0.0000,0.4635,0.0000,4.7673
1482,4.4750,5.2449,38502,1,0,1932,52,4736976,0.0000,0.0177,0.0052,0.0000,0.0000,0.0717,0.0000,0.0278,0.0000,0.0000,0.0000,0.0000,0.4303,0.0000,4.4208
1483,5.4841,4.4694,38502,1,0,1938,52,4737168,0.0000,0.0182,0.0052,0.0000,0.0000,0.0713,0.0000,0.0276,0.0000,0.0000,0.0000,0.0000,0.4572,0.0000,3.5996
1484,5.6867,5.5373,38502,1,0,1938,52,4737168,0.0000,0.0559,0.0329,0.0000,0.0000,0.0788,0.0000,0.0277,0.0000,0.0000,0.0000,0.0000,0.4686,0.0000,4.6601
1485,4.4238,5.6331,38502,1,0,1939,52,4737200,0.0000,0.0176,0.0058,0.0000,0.0000,0.0697,0.0000,0.0283,0.0000,0.0000,0.0000,0.0000,0.6745,0.0000,4.4985
1486,5.9077,4.5227,38502,1,0,1983,52,4738668,0.0000,0.0181,0.0050,0.0000,0.0000,0.0665,0.0000,0.0280,0.0000,0.0000,0.0000,0.0000,0.5215,0.0000,3.6448
1487,4.5537,5.8653,38502,1,0,1983,52,4738668,0.0000,0.0181,0.0055,0.0000,0.0000,0.0714,0.0000,0.0273,0.0000,0.0000,0.0000,0.0000,0.5188,0.0000,4.7748
1488,5.7245,4.5534,38502,1,0,1987,52,4738808,0.0000,0.0184,0.0058,0.0000,0.0000,0.0751,0.0000,0.0301,0.0000,0.0000,0.0000,0.0000,0.4971,0.0000,3.6649
1489,6.9838,5.6805,38501,1,0,2001,52,4739268,0.0000,0.1787,0.1667,0.0889,0.0000,0.0668,0.0000,0.0275,0.0000,0.0000,0.0000,0.0000,0.4348,0.0000,4.7126
1490,4.0978,7.0947,38501,1,0,2007,52,4739355,0.0000,0.9448,0.9304,0.5627,0.4260,0.0869,0.0000,0.0000,0.0000,0.0000,0.0000,0.0000,0.4892,0.0000,6.0920
1491,4.2452,3.9947,38501,1,0,2015,52,4739611,0.0000,0.0304,0.0159,0.0061,0.0000,0.0760,0.0000,0.0288,0.0000,0.0000,0.0000,0.0000,0.5299,0.0000,3.1345
1492,5.6562,4.2492,38501,1,0,2025,52,4739931,0.0000,0.0173,0.0058,0.0000,0.0000,0.1023,0.0000,0.0279,0.0000,0.0000,0.0000,0.0000,0.4380,0.0000,3.3666
1493,5.4981,5.7127,38501,1,0,2035,52,4740251,0.0000,0.0212,0.0055,0.0000,0.0000,0.0833,0.0000,0.0289,0.0000,0.0000,0.0000,0.0000,0.5101,0.0000,4.6989
1494,4.4814,5.5171,38501,1,0,2043,52,4740507,0.0000,0.0204,0.0057,0.0000,0.0000,0.2092,0.0000,0.0285,0.0000,0.0000,0.0000,0.0000,0.5928,0.0000,4.4392
1495,5.5554,4.3771,38501,1,0,2054,52,4740859,0.0000,0.0194,0.0056,0.0000,0.0000,0.0761,0.0000,0.0293,0.0000,0.0000,0.0000,0.0000,0.4258,0.0000,3.5219
1496,4.8118,5.6315,38501,1,0,2061,52,4741083,0.0000,0.0215,0.0051,0.0000,0.0000,0.0823,0.0000,0.0314,0.0000,0.0000,0.0000,0.0000,0.5705,0.0000,4.6327
1497,5.8601,4.8629,38501,1,0,2070,52,4741371,0.0000,0.0177,0.0053,0.0000,0.0000,0.0714,0.0000,0.0298,0.0000,0.0000,0.0000,0.0000,0.5988,0.0000,3.9469
1498,4.7630,5.7604,38501,1,0,2083,52,4741787,0.0000,0.0206,0.0055,0.0000,0.0000,0.0828,0.0000,0.0289,0.0000,0.0000,0.0000,0.0000,0.4668,0.0000,4.8212
1499,5.6942,4.8238,38501,1,0,2095,52,4742171,0.0000,0.0192,0.0052,0.0000,0.0000,0.1104,0.0000,0.0286,0.0000,0.0000,0.0000,0.0000,0.5664,0.0000,3.8814
1500,5.4980,6.3492,38501,1,0,2100,52,4742331,0.0000,0.0182,0.0054,0.0000,0.0000,0.0760,0.0000,0.0294,0.0000,0.0000,0.0000,0.0000,0.6033,0.0000,5.3196
1501,6.1055,4.7813,38897,1,0,2112,52,4742775,0.0000,0.1822,0.1681,0.0893,0.0000,0.0804,0.0000,0.0296,0.0000,0.0000,0.0000,0.0000,0.5193,0.0000,3.8914
1502,3.7808,6.1874,38897,1,0,2127,52,4784835,0.0000,1.0083,0.9934,0.5409,0.4111,0.0834,0.0000,0.0000,0.0000,0.0001,0.0000,0.0000,0.6548,0.0000,5.1997
1503,5.6814,3.6870,38897,1,0,2132,52,4784995,0.0000,0.0273,0.0151,0.0052,0.0000,0.0654,0.0000,0.0298,0.0000,0.0000,0.0000,0.0000,0.6151,0.0000,2.8326
1504,4.8105,5.6833,38897,1,0,2141,52,4785283,0.0000,0.0173,0.0053,0.0000,0.0000,0.0784,0.0000,0.0296,0.0000,0.0000,0.0000,0.0000,0.5803,0.0000,4.7788
1505,6.4463,5.1255,38897,1,0,2153,52,4932297,0.0000,0.0178,0.0053,0.0000,0.0000,0.1887,0.0000,0.0281,0.0000,0.0000,0.0000,0.0000,0.6574,0.0000,4.0126
1506,4.7514,6.2078,38897,1,0,2161,52,4932553,0.0000,0.0210,0.0049,0.0000,0.0000,0.1020,0.0000,0.0304,0.0000,0.0000,0.0000,0.0000,0.5371,0.0000,5.2014
1507,13.8219,4.8268,38897,1,0,2173,52,4932937,0.0000,0.0213,0.0058,0.0000,0.0000,0.1441,0.0000,0.0287,0.0000,0.0000,0.0000,0.0000,0.5600,0.0000,3.6966
1508,4.1186,13.8070,38897,1,0,2183,52,4933257,0.0000,0.0214,0.0055,0.0000,0.0000,0.0801,0.0000,0.0318,0.0000,0.0000,0.0000,0.0000,0.7350,0.0000,5.1060
1509,4.2928,4.1298,38897,1,0,2190,57,4933481,0.0000,0.0190,0.0054,0.0000,0.0000,0.0759,0.0000,0.0326,0.0000,0.0000,0.0000,0.0000,0.5734,0.0000,3.1244
1510,4.2630,4.2843,38897,1,0,2200,57,4933801,0.0000,0.0171,0.0051,0.0000,0.0000,0.0667,0.0000,0.0281,0.0000,0.0000,0.0000,0.0000,0.5659,0.0000,3.3489
1511,3.8910,4.1726,38897,1,0,2210,57,4934121,0.0000,0.0199,0.0052,0.0000,0.0000,0.0790,0.0000,0.0295,0.0000,0.0000,0.0000,0.0000,0.5147,0.0000,3.2335
1512,4.3269,4.0904,38897,1,0,2232,57,4934825,0.0000,0.0171,0.0056,0.0000,0.0000,0.0634,0.0000,0.0292,0.0000,0.0000,0.0000,0.0000,0.7470,0.0000,3.0364
1513,5.6492,4.0534,38420,1,0,2235,57,4934921,0.0000,0.1838,0.1705,0.0883,0.0000,0.0769,0.0000,0.0302,0.0000,0.0000,0.0000,0.0000,0.5032,0.0000,3.2087
1514,4.3136,5.9534,38420,1,0,2245,57,4885156,0.0000,0.9735,0.9620,0.5331,0.4330,0.0684,0.0000,0.0000,0.0000,0.0001,0.0000,0.0000,0.6458,0.0000,4.8841
1515,4.3595,4.0813,38420,1,0,2252,57,4885380,0.0000,0.0292,0.0160,0.0061,0.0000,0.0715,0.0000,0.0279,0.0000,0.0000,0.0000,0.0000,0.5009,0.0000,3.1571
1516,4.9763,4.4386,38420,1,0,2265,57,4885796,0.0000,0.0173,0.0057,0.0000,0.0000,0.0685,0.0000,0.0289,0.0000,0.0000,0.0000,0.0000,0.6387,0.0000,3.4311
1517,5.9506,5.0585,38420,1,0,2273,57,4886052,0.0000,0.0181,0.0052,0.0000,0.0000,0.1012,0.0000,0.0279,0.0000,0.0000,0.0000,0.0000,0.5081,0.0000,3.9550
1518,4.7148,5.7552,38420,1,0,2286,57,4886468,0.0000,0.0212,0.0051,0.0000,0.0000,0.0851,0.0000,0.0304,0.0000,0.0000,0.0000,0.0000,0.6333,0.0000,4.7882
1519,6.0194,4.8563,38420,1,0,2296,57,4886788,0.0000,0.0185,0.0054,0.0000,0.0000,0.0719,0.0000,0.0289,0.0000,0.0000,0.0000,0.0000,0.6150,0.0000,3.6917
1520,5.2583,6.0546,38420,1,0,2307,57,4887140,0.0000,0.0193,0.0054,0.0000,0.0000,0.0758,0.0000,0.0291,0.0000,0.0000,0.0000,0.0000,0.7379,0.0000,4.8191
1521,4.6162,5.1221,38420,1,0,2320,57,4887616,0.0000,0.0200,0.0058,0.0000,0.0000,0.0849,0.0000,0.0298,0.0000,0.0000,0.0000,0.0000,0.6220,0.0000,4.1229
1522,5.5742,4.7566,38420,1,0,2328,57,4887872,0.0000,0.0185,0.0053,0.0000,0.0000,0.0698,0.0000,0.0285,0.0000,0.0000,0.0000,0.0000,0.6570,0.0000,3.7345
1523,5.0079,5.4744,38420,1,0,2342,55,4886860,0.0000,0.0190,0.0051,0.0000,0.0000,0.0818,0.0000,0.0306,0.0000,0.0000,0.0000,0.0000,0.5356,0.0000,4.4123
1524,6.2341,4.9644,38420,1,0,2353,55,4887212,0.0000,0.0192,0.0058,0.0000,0.0000,0.0817,0.0000,0.0305,0.0000,0.0000,0.0000,0.0000,0.6742,0.0000,4.0466
1525,6.5561,6.4685,39028,1,0,2355,55,4887276,0.0000,0.1787,0.1670,0.0880,0.0000,0.0765,0.0000,0.0305,0.0000,0.0000,0.0000,0.0000,0.6610,0.0000,5.1261
1526,4.0244,6.2961,39028,1,0,2370,55,4951596,0.0000,0.9787,0.9652,0.5346,0.4579,0.0891,0.0000,0.0000,0.0000,0.0001,0.0000,0.0000,0.5819,0.0000,5.3964
1527,5.0092,4.1248,39028,1,0,2381,55,4951948,0.0000,0.0292,0.0159,0.0057,0.0000,0.0712,0.0000,0.0292,0.0000,0.0000,0.0000,0.0000,0.5520,0.0000,3.1438
1528,6.1655,5.2328,39028,1,0,2394,55,4952364,0.0000,0.0179,0.0054,0.0000,0.0000,0.1045,0.0000,0.0294,0.0000,0.0000,0.0000,0.0000,0.6472,0.0000,4.0045
1529,4.6324,5.8791,39028,1,0,2403,55,4952652,0.0000,0.0197,0.0054,0.0000,0.0000,0.0995,0.0000,0.0331,0.0000,0.0000,0.0000,0.0000,0.6189,0.0000,4.8815
1530,5.5132,4.7321,39028,1,0,2417,55,4953100,0.0000,0.0183,0.0052,0.0000,0.0000,0.0753,0.0000,0.0286,0.0000,0.0000,0.0000,0.0000,0.5584,0.0000,3.6409
1531,5.2351,5.4256,39028,1,0,2426,53,4951916,0.0000,0.0188,0.0054,0.0000,0.0000,0.0719,0.0000,0.0282,0.0000,0.0000,0.0000,0.0000,0.5883,0.0000,4.4564
1532,5.0257,5.2344,39028,1,0,2441,53,4952396,0.0000,0.0184,0.0052,0.0000,0.0000,0.0881,0.0000,0.0285,0.0000,0.0000,0.0000,0.0000,0.5154,0.0000,4.2677
1533,5.9541,4.9956,39028,1,0,2447,53,4952588,0.0000,0.0161,0.0056,0.0000,0.0000,0.0655,0.0000,0.0278,0.0000,0.0000,0.0000,0.0000,0.5737,0.0000,4.1340
1534,5.5777,6.0185,39028,1,0,2456,53,4952876,0.0000,0.0180,0.0057,0.0000,0.0000,0.0706,0.0000,0.0290,0.0000,0.0000,0.0000,0.0000,0.5378,0.0000,4.9505
1535,4.8573,5.4924,39028,1,0,2467,53,4953228,0.0000,0.0191,0.0055,0.0000,0.0000,0.0705,0.0000,0.0281,0.0000,0.0000,0.0000,0.0000,0.6181,0.0000,4.4750
1536,6.4608,4.9383,39028,1,0,2477,53,4953560,0.0000,0.0171,0.0058,0.0000,0.0000,0.0695,0.0000,0.0294,0.0000,0.0000,0.0000,0.0000,0.6310,0.0000,4.0238
1537,4.7087,6.4510,39028,1,0,2490,53,4953976,0.0000,0.0189,0.0064,0.0000,0.0000,0.0916,0.0000,0.0284,0.0000,0.0000,0.0000,0.0000,0.6510,0.0000,5.3720
1538,6.6231,4.6646,38852,1,0,2500,53,4954296,0.0000,0.1826,0.1688,0.0889,0.0000,0.0795,0.0000,0.0297,0.0000,0.0000,0.0000,0.0000,0.5960,0.0000,3.7130
1539,5.2667,6.6746,38852,1,0,2512,53,4936200,0.0000,0.9845,0.9718,0.5329,0.3992,0.0692,0.0000,0.0000,0.0000,0.0001,0.0000,0.0000,0.7313,0.0000,5.7317
1540,9.8919,5.2078,38852,1,0,2520,53,4936456,0.0000,0.0276,0.0159,0.0054,0.0000,0.0706,0.0000,0.0285,0.0000,0.0000,0.0000,0.0000,0.6098,0.0000,4.3301
1541,10.8484,10.0337,38852,1,0,2536,53,4936968,0.0000,0.0193,0.0054,0.0000,0.0000,0.0753,0.0000,0.0258,0.0000,0.0000,0.0000,0.0000,0.6951,0.0000,3.5683
1542,4.1270,10.7700,38852,1,0,2544,53,4937224,0.0000,0.0216,0.0055,0.0000,0.0000,0.0899,0.0000,0.0300,0.0000,0.0000,0.0000,0.0000,0.6380,0.0000,4.6159
1543,12.0900,4.0992,38852,1,0,2555,52,4937140,0.0000,0.0186,0.0054,0.0000,0.0000,0.0736,0.0000,0.0302,0.0000,0.0000,0.0000,0.0000,0.5265,0.0000,3.2100
1544,4.3560,12.2518,38852,1,0,2569,52,4937588,0.0000,0.0222,0.0054,0.0000,0.0000,0.0836,0.0000,0.0299,0.0000,0.0000,0.0000,0.0000,0.7133,0.0000,3.6463
1545,4.1314,4.1828,38852,1,0,2580,52,4937940,0.0000,0.0194,0.0054,0.0000,0.0000,0.0722,0.0000,0.0303,0.0000,0.0000,0.0000,0.0000,0.4905,0.0000,3.2863
1546,3.6644,4.0876,38852,1,0,2589,52,4938228,0.0000,0.0195,0.0052,0.0000,0.0000,0.0742,0.0000,0.0294,0.0000,0.0000,0.0000,0.0000,0.6301,0.0000,3.2288
1547,3.8989,3.6646,38852,1,0,2603,52,4938736,0.0000,0.0178,0.0051,0.0000,0.0000,0.0668,0.0000,0.0270,0.0000,0.0000,0.0000,0.0000,0.4814,0.0000,2.8273
1548,3.7330,3.8936,38852,1,0,2610,52,4938960,0.0000,0.0175,0.0057,0.0000,0.0000,0.0703,0.0000,0.0362,0.0000,0.0000,0.0000,0.0000,0.6169,0.0000,3.0791
1549,3.9110,3.6950,38852,1,0,2622,52,4939344,0.0000,0.0169,0.0055,0.0000,0.0000,0.0642,0.0000,0.0276,0.0000,0.0000,0.0000,0.0000,0.5103,0.0000,2.9045
1550,3.9682,4.0207,38852,1,0,2636,52,4939792,0.0000,0.0173,0.0057,0.0000,0.0000,0.0647,0.0000,0.0269,0.0000,0.0000,0.0000,0.0000,0.6442,0.0000,3.1357
1551,5.3925,3.8636,39373,1,0,2644,52,4940048,0.0000,0.1809,0.1677,0.0898,0.0000,0.0673,0.0000,0.0274,0.0000,0.0000,0.0000,0.0000,0.5324,0.0000,3.0331
1552,3.8301,5.5096,39373,1,0,2656,52,4995137,0.0000,0.9715,0.9601,0.5349,0.4202,0.0667,0.0000,0.0000,0.0000,0.0000,0.0000,0.0000,0.7169,0.0000,4.6118
1553,4.3199,3.7556,39373,1,0,2670,52,4995585,0.0000,0.0273,0.0153,0.0053,0.0000,0.0648,0.0000,0.0272,0.0000,0.0000,0.0000,0.0000,0.5180,0.0000,2.8924
1554,6.0307,4.3020,39373,1,0,2684,52,4996033,0.0000,0.0184,0.0054,0.0000,0.0000,0.0712,0.0000,0.0290,0.0000,0.0000,0.0000,0.0000,1.2255,0.0000,3.4180
1555,5.8636,6.1010,39373,1,0,2691,52,4996257,0.0000,0.0191,0.0053,0.0000,0.0000,0.0724,0.0000,0.0288,0.0000,0.0000,0.0000,0.0000,0.6240,0.0000,5.1544
1556,4.9605,5.9870,39373,1,0,2706,52,4996737,0.0000,0.0190,0.0057,0.0000,0.0000,0.0759,0.0000,0.0302,0.0000,0.0000,0.0000,0.0000,0.6330,0.0000,4.6880
1557,5.8029,4.8940,39373,1,0,2730,52,4997505,0.0000,0.0180,0.0055,0.0000,0.0000,0.0746,0.0000,0.0288,0.0000,0.0000,0.0000,0.0000,0.6152,0.0000,3.9163
1558,5.4597,5.7444,39373,1,0,2749,52,4998113,0.0000,0.0973,0.0061,0.0000,0.0000,0.0729,0.0000,0.0283,0.0000,0.0000,0.0000,0.0000,0.5908,0.0000,4.8006
1559,5.4147,5.4367,39373,1,0,2752,52,4998209,0.0000,0.0183,0.0055,0.0000,0.0000,0.0690,0.0000,0.0288,0.0000,0.0000,0.0000,0.0000,0.5856,0.0000,4.4187
1560,6.2808,5.5817,39373,1,0,2753,52,4998241,0.0000,0.0188,0.0055,0.0000,0.0000,0.0821,0.0000,0.0298,0.0000,0.0000,0.0000,0.0000,0.6431,0.0000,4.4475
1561,5.2231,6.3095,39373,1,0,2754,52,4998273,0.0000,0.0180,0.0054,0.0000,0.0000,0.1229,0.0000,0.0286,0.0000,0.0000,0.0000,0.0000,0.6791,0.0000,5.1774
1562,5.1389,5.0308,39373,1,0,2760,52,4998465,0.0000,0.0202,0.0055,0.0000,0.0000,0.0798,0.0000,0.0291,0.0000,0.0000,0.0000,0.0000,0.6733,0.0000,4.0759
1563,5.2173,5.2692,39373,1,0,2775,52,4998957,0.0000,0.0227,0.0058,0.0000,0.0000,0.1462,0.0000,0.0303,0.0000,0.0000,0.0000,0.0000,0.6918,0.0000,4.2020
1564,6.4607,5.0939,39373,1,0,2790,52,4999437,0.0000,0.0173,0.0055,0.0000,0.0000,0.0698,0.0000,0.0286,0.0000,0.0000,0.0000,0.0000,0.5927,0.0000,4.1939
1565,5.9631,6.4657,39636,1,0,2802,52,4999821,0.0000,0.1857,0.1701,0.0897,0.0000,0.0865,0.0000,0.0299,0.0000,0.0000,0.0000,0.0000,0.6864,0.0000,5.4588
1566,5.5029,5.9960,39681,1,0,2810,52,5027692,0.0000,1.0463,1.0289,0.5309,0.4290,0.0922,0.0000,0.0000,0.0000,0.0001,0.0000,0.0000,0.6686,0.0000,5.0223
1567,4.2547,5.4845,39681,1,0,2821,52,5032769,0.0000,0.8661,0.8538,0.5086,0.3994,0.0718,0.0000,0.0000,0.0000,0.0001,0.0000,0.0000,0.7340,0.0000,4.5786
1568,5.0923,4.3383,39681,1,0,2835,52,5033217,0.0000,0.0293,0.0153,0.0058,0.0000,0.0764,0.0000,0.0296,0.0000,0.0000,0.0000,0.0000,0.5583,0.0000,3.2950
1569,5.8368,4.9576,39681,1,0,2843,52,5033473,0.0000,0.0181,0.0060,0.0000,0.0000,0.0705,0.0000,0.0284,0.0000,0.0000,0.0000,0.0000,0.6785,0.0000,4.0866
1570,5.7442,6.0372,39681,1,0,2851,52,5033729,0.0000,0.0187,0.0051,0.0000,0.0000,0.0729,0.0000,0.0286,0.0000,0.0000,0.0000,0.0000,0.6046,0.0000,4.8459
1571,4.9231,5.5612,39681,1,0,2867,52,5034241,0.0000,0.0192,0.0054,0.0000,0.0000,0.0755,0.0000,0.0293,0.0000,0.0000,0.0000,0.0000,0.6303,0.0000,4.6789
1572,5.8619,4.9698,39681,1,0,2880,52,5034657,0.0000,0.0186,0.0061,0.0000,0.0000,0.0724,0.0000,0.0307,0.0000,0.0000,0.0000,0.0000,0.7209,0.0000,4.0702
1573,5.6227,6.0057,39681,1,0,2887,52,5034881,0.0000,0.0186,0.0053,0.0000,0.0000,0.0723,0.0000,0.0300,0.0000,0.0000,0.0000,0.0000,0.6368,0.0000,4.8888
1574,5.2170,5.4912,39681,1,0,2898,52,5035233,0.0000,0.0191,0.0056,0.0000,0.0000,0.0756,0.0000,0.0301,0.0000,0.0000,0.0000,0.0000,0.6859,0.0000,4.5069
1575,6.0744,5.1906,39681,1,0,2908,52,5035553,0.0000,0.0180,0.0052,0.0000,0.0000,0.0711,0.0000,0.0303,0.0000,0.0000,0.0000,0.0000,0.6438,0.0000,4.2934
1576,5.1323,6.1186,39681,1,0,2915,52,5035777,0.0000,0.0173,0.0055,0.0000,0.0000,0.1102,0.0000,0.0292,0.0000,0.0000,0.0000,0.0000,0.6330,0.0000,5.0781
1577,5.0739,5.1305,39681,1,0,2925,52,5036097,0.0000,0.0194,0.0049,0.0000,0.0000,0.0754,0.0000,0.0300,0.0000,0.0000,0.0000,0.0000,0.6580,0.0000,4.1283
1578,6.6896,5.0480,39681,1,0,2942,55,5036641,0.0000,0.0177,0.0053,0.0000,0.0000,0.0723,0.0000,0.0276,0.0000,0.0000,0.0000,0.0000,0.7340,0.0000,4.0674
1579,5.4226,6.7524,39681,1,0,2947,57,5036801,0.0000,0.0195,0.0053,0.0000,0.0000,0.1050,0.0000,0.0310,0.0000,0.0000,0.0000,0.0000,0.8299,0.0000,5.6588
1580,5.7418,5.3217,39681,1,0,2955,57,5037057,0.0000,0.0185,0.0054,0.0000,0.0000,0.0795,0.0000,0.0291,0.0000,0.0000,0.0000,0.0000,0.7225,0.0000,4.3720
1581,12.8292,5.8897,39681,1,0,2964,57,5037153,0.0000,0.1937,0.1690,0.0894,0.0000,0.0938,0.0000,0.0283,0.0000,0.0000,0.0000,0.0000,0.7175,0.0000,4.6073
1582,4.5293,12.7259,39681,1,0,2975,57,5037505,0.0000,0.0202,0.0050,0.0000,0.0000,0.0752,0.0000,0.0298,0.0000,0.0000,0.0000,0.0000,1.1595,0.0000,4.5336
1583,6.8862,4.4912,39020,1,0,2985,57,5037825,0.0000,0.0207,0.0057,0.0000,0.0000,0.0767,0.0000,0.0291,0.0000,0.0000,0.0000,0.0000,0.7376,0.0000,3.5603
1584,4.2586,7.0131,39020,1,0,2988,57,4902276,0.0000,1.1016,1.0889,0.5886,0.6131,0.0797,0.0000,0.0000,0.0000,0.0000,0.0000,0.0000,0.7578,0.0000,5.9106
1585,3.9922,4.0524,39020,1,0,2999,57,4902628,0.0000,0.0270,0.0154,0.0053,0.0000,0.0683,0.0000,0.0291,0.0000,0.0000,0.0000,0.0000,0.6543,0.0000,3.1741
1586,4.2103,4.1455,39020,1,0,3010,57,4902980,0.0000,0.0169,0.0052,0.0000,0.0000,0.0647,0.0000,0.0272,0.0000,0.0000,0.0000,0.0000,0.7166,0.0000,3.1971
1587,4.0346,4.1044,39020,1,0,3018,57,4903236,0.0000,0.0188,0.0051,0.0000,0.0000,0.0678,0.0000,0.0278,0.0000,0.0000,0.0000,0.0000,0.6487,0.0000,3.2278
1588,4.1758,4.2012,39020,1,0,3029,57,4903588,0.0000,0.0178,0.0052,0.0000,0.0000,0.0665,0.0000,0.0346,0.0000,0.0000,0.0000,0.0000,0.7133,0.0000,3.1890
1589,4.8601,3.9562,39020,1,0,3036,57,4903812,0.0000,0.0179,0.0055,0.0000,0.0000,0.0674,0.0000,0.0301,0.0000,0.0000,0.0000,0.0000,0.7623,0.0000,3.1206
1590,6.3268,5.1010,39020,1,0,3042,57,4904004,0.0000,0.0182,0.0053,0.0000,0.0000,0.0721,0.0000,0.0282,0.0000,0.0000,0.0000,0.0000,0.7710,0.0000,3.8766
1591,5.2373,6.2028,39020,1,0,3046,55,4903260,0.0000,0.0278,0.0093,0.0000,0.0000,0.1573,0.0000,0.0306,0.0000,0.0000,0.0000,0.0000,0.7802,0.0000,5.2015
1592,5.3964,5.2156,39020,1,0,3058,55,4903704,0.0000,0.0193,0.0056,0.0000,0.0000,0.0785,0.0000,0.0297,0.0000,0.0000,0.0000,0.0000,0.7302,0.0000,4.2569
1593,5.5556,5.5952,39020,1,0,3065,55,4903928,0.0000,0.0181,0.0052,0.0000,0.0000,0.0727,0.0000,0.0294,0.0000,0.0000,0.0000,0.0000,0.7543,0.0000,4.4760
1594,5.9297,5.4358,39020,1,0,3077,55,4904312,0.0000,0.0207,0.0050,0.0000,0.0000,0.0773,0.0000,0.0518,0.0000,0.0000,0.0000,0.0000,0.7247,0.0000,4.3956
1595,5.3326,5.8686,39020,1,0,3081,55,4904440,0.0000,0.0200,0.0055,0.0000,0.0000,0.1133,0.0000,0.0295,0.0000,0.0000,0.0000,0.0000,0.7871,0.0000,4.7587
1596,5.1699,5.4025,39020,1,0,3087,55,4904632,0.0000,0.0197,0.0057,0.0000,0.0000,0.1189,0.0000,0.0310,0.0000,0.0000,0.0000,0.0000,0.8593,0.0000,4.3129
1597,5.8207,5.1476,39020,1,0,3094,55,4904856,0.0000,0.0187,0.0057,0.0000,0.0000,0.0776,0.0000,0.0308,0.0000,0.0000,0.0000,0.0000,0.7495,0.0000,4.1306
1598,4.9832,5.8026,39020,1,0,3099,55,4905016,0.0000,0.0192,0.0059,0.0000,0.0000,0.0754,0.0000,0.0300,0.0000,0.0000,0.0000,0.0000,0.7093,0.0000,4.8100
1599,6.0413,4.9936,39020,1,0,3112,55,4905432,0.0000,0.0191,0.0051,0.0000,0.0000,0.0854,0.0000,0.0290,0.0000,0.0000,0.0000,0.0000,0.7242,0.0000,4.0099
1600,5.9731,5.9784,39021,2,4936,3114,55,4905496,0.0000,0.0184,0.0055,0.0000,0.0000,0.0927,0.0000,0.1226,0.0000,0.0000,0.0000,0.0000,0.6570,0.0000,4.9727
1601,5.0285,6.1381,39021,2,0,3125,55,4905793,0.0000,0.1830,0.1695,0.0897,0.4523,0.0747,0.0000,0.0295,0.0000,0.0002,0.0000,0.0000,0.7961,0.0000,5.0633
1602,5.0528,4.8670,39021,2,0,3131,55,4905985,0.0000,0.0203,0.0054,0.0000,0.0000,0.0745,0.0000,0.0314,0.0000,0.0000,0.0000,0.0000,0.8449,0.0000,3.8749
1603,6.4481,5.0528,39021,2,0,3139,55,4906241,0.0000,0.0194,0.0052,0.0000,0.0000,0.0759,0.0000,0.0293,0.0000,0.0000,0.0000,0.0000,0.7368,0.0000,4.1101
1604,6.2977,6.5257,39103,2,0,3145,55,4906433,0.0000,0.0189,0.0055,0.0000,0.0000,0.0754,0.0000,0.0295,0.0000,0.0000,0.0000,0.0000,0.7448,0.0000,5.4494
1605,5.8423,6.2153,39103,2,0,3153,55,4915299,0.0000,0.9995,0.9870,0.5328,0.4174,0.0775,0.0000,0.0004,0.0000,0.0001,0.0000,0.0000,0.7752,0.0000,5.3247
1606,4.5909,5.8685,39103,2,0,3153,55,4915299,0.0000,0.8666,0.8535,0.5202,0.4046,0.0675,0.0000,0.0003,0.0000,0.0001,0.0000,0.0000,0.7063,0.0000,4.9429
1607,5.0750,4.5153,39103,2,0,3153,55,4915299,0.0000,0.0184,0.0055,0.0000,0.0000,0.0715,0.0000,0.0300,0.0000,0.0000,0.0000,0.0000,0.7264,0.0000,3.6052
1608,5.3932,5.3033,39103,2,0,3176,55,4916035,0.0000,0.0173,0.0055,0.0000,0.0000,0.0929,0.0000,0.0293,0.0000,0.0000,0.0000,0.0000,0.8874,0.0000,4.0638
1609,5.6111,5.2543,39103,2,0,3180,55,4916163,0.0000,0.0194,0.0054,0.0000,0.0000,0.0809,0.0000,0.0313,0.0000,0.0000,0.0000,0.0000,0.7288,0.0000,4.2358
1610,5.6463,5.6490,39103,2,0,3185,55,4916323,0.0000,0.0200,0.0055,0.0000,0.0000,0.0796,0.0000,0.0302,0.0000,0.0000,0.0000,0.0000,0.7544,0.0000,4.5913
1611,5.2444,5.6241,39103,2,0,3190,55,4916483,0.0000,0.0206,0.0055,0.0000,0.0000,0.0898,0.0000,0.0416,0.0000,0.0000,0.0000,0.0000,0.9596,0.0000,4.4007
1612,5.9466,5.1926,39103,2,0,3194,55,4916611,0.0000,0.0174,0.0055,0.0000,0.0000,0.0733,0.0000,0.0294,0.0000,0.0000,0.0000,0.0000,0.7354,0.0000,4.2589
1613,4.8047,6.1152,39103,2,0,3199,55,4916771,0.0000,0.0436,0.0051,0.0000,0.0000,0.0797,0.0000,0.0293,0.0000,0.0000,0.0000,0.0000,0.9301,0.0000,4.9757
1614,6.0090,4.6450,39103,2,0,3203,55,4949635,0.0000,0.0187,0.0055,0.0000,0.0000,0.0671,0.0000,0.0286,0.0000,0.0000,0.0000,0.0000,0.8041,0.0000,3.7335
1615,5.6809,6.0689,39103,2,0,3209,55,4949827,0.0000,0.0189,0.0050,0.0000,0.0000,0.0785,0.0000,0.0296,0.0000,0.0000,0.0000,0.0000,0.7763,0.0000,5.0227
1616,5.0999,5.6014,39103,2,0,3211,55,4949891,0.0000,0.0193,0.0051,0.0000,0.0000,0.0767,0.0000,0.0299,0.0000,0.0000,0.0000,0.0000,0.7274,0.0000,4.6851
1617,5.8199,5.2507,39103,2,0,3215,55,4950019,0.0000,0.0212,0.0052,0.0000,0.0000,0.0911,0.0000,0.0297,0.0000,0.0000,0.0000,0.0000,0.7373,0.0000,4.2204
1618,13.5491,5.6611,39103,2,0,3223,55,4950275,0.0000,0.0204,0.0051,0.0000,0.0000,0.0965,0.0000,0.0305,0.0000,0.0000,0.0000,0.0000,0.6962,0.0000,4.6962
1619,4.5883,13.7546,39103,2,0,3226,55,4950371,0.0000,0.0213,0.0048,0.0000,0.0000,0.0820,0.0000,0.0322,0.0000,0.0000,0.0000,0.0000,0.8261,0.0000,5.0542
1620,4.0905,4.3878,39103,2,0,3231,55,4885059,0.0000,0.0179,0.0057,0.0000,0.0000,0.0707,0.0000,0.0306,0.0000,0.0000,0.0000,0.0000,0.8296,0.0000,3.5166
1621,4.4495,4.2200,39103,2,0,3231,55,4885059,0.0000,0.0179,0.0055,0.0000,0.0000,0.0712,0.0000,0.0294,0.0000,0.0000,0.0000,0.0000,0.6676,0.0000,3.1775
1622,4.2729,4.3504,39103,2,0,3235,55,4885187,0.0000,0.0164,0.0060,0.0000,0.0000,0.0884,0.0000,0.0279,0.0000,0.0000,0.0000,0.0000,0.7766,0.0000,3.4526
1623,4.3106,4.2472,39103,2,0,3239,55,4885315,0.0000,0.0191,0.0054,0.0000,0.0000,0.0692,0.0000,0.0295,0.0000,0.0000,0.0000,0.0000,0.6712,0.0000,3.3315
1624,4.5324,4.3540,39103,2,0,3242,55,4885411,0.0000,0.0172,0.0054,0.0000,0.0000,0.0857,0.0000,0.0292,0.0000,0.0000,0.0000,0.0000,1.0266,0.0000,3.3954
1625,4.5821,4.4667,39103,2,0,3245,55,4885507,0.0000,0.0185,0.0051,0.0000,0.0000,0.0721,0.0000,0.0290,0.0000,0.0000,0.0000,0.0000,0.9704,0.0000,3.5504
1626,5.9424,4.5995,39103,2,0,3248,55,4885603,0.0000,0.0187,0.0053,0.0000,0.0000,0.0757,0.0000,0.0278,0.0000,0.0000,0.0000,0.0000,0.8191,0.0000,3.6743
1627,5.3771,5.9764,39103,2,0,3250,55,4885667,0.0000,0.0197,0.0053,0.0000,0.0000,0.0797,0.0000,0.0293,0.0000,0.0000,0.0000,0.0000,0.7588,0.0000,4.9877
1628,5.2553,5.4393,39103,2,0,3260,55,4885987,0.0000,0.0191,0.0054,0.0000,0.0000,0.0742,0.0000,0.0293,0.0000,0.0000,0.0000,0.0000,0.7015,0.0000,4.4034
1629,5.5594,5.2442,39103,2,0,3260,55,4885987,0.0000,0.0171,0.0056,0.0000,0.0000,0.0721,0.0000,0.0296,0.0000,0.0000,0.0000,0.0000,0.7431,0.0000,4.2568
1630,5.9676,5.5679,39103,2,0,3262,55,4886051,0.0000,0.0179,0.0050,0.0000,0.0000,0.0730,0.0000,0.0293,0.0000,0.0000,0.0000,0.0000,0.8467,0.0000,4.5763
1631,4.8593,5.8901,39103,2,0,3262,55,4886051,0.0000,0.0196,0.0050,0.0000,0.0000,0.0847,0.0000,0.0289,0.0000,0.0000,0.0000,0.0000,0.7875,0.0000,4.9362
1632,6.2976,4.8648,39103,2,0,3268,55,4886243,0.0000,0.0171,0.0052,0.0000,0.0000,0.0689,0.0000,0.0291,0.0000,0.0000,0.0000,0.0000,0.8294,0.0000,3.9712
1633,5.4433,6.4579,39103,2,0,3268,55,4886243,0.0000,0.0185,0.0053,0.0000,0.0000,0.1002,0.0000,0.0284,0.0000,0.0000,0.0000,0.0000,0.7163,0.0000,5.2950
1634,5.0073,5.2517,39103,2,0,3270,55,4886307,0.0000,0.0183,0.0056,0.0000,0.0000,0.0799,0.0000,0.0291,0.0000,0.0000,0.0000,0.0000,0.7975,0.0000,4.3254
1635,5.9355,5.1002,39129,2,0,3273,55,4886403,0.0000,0.0186,0.0053,0.0000,0.0000,0.0721,0.0000,0.0294,0.0000,0.0000,0.0000,0.0000,0.8460,0.0000,4.1247
1636,5.9017,5.9067,39129,2,0,3277,55,4889261,0.0000,0.1793,0.1672,0.0887,0.0312,0.0767,0.0000,0.0285,0.0000,0.0000,0.0000,0.0000,0.7105,0.0000,4.9304
1637,5.5185,5.9878,39129,2,0,3280,55,4889357,0.0000,0.0188,0.0051,0.0000,0.0000,0.1000,0.0000,0.0288,0.0000,0.0000,0.0000,0.0000,0.7384,0.0000,4.8993
1638,5.5859,5.4603,39129,2,0,3280,55,4889357,0.0000,0.0197,0.0054,0.0000,0.0000,0.0774,0.0000,0.0304,0.0000,0.0000,0.0000,0.0000,0.8559,0.0000,4.1748
1639,5.7810,5.6961,39129,2,0,3280,55,4889357,0.0000,0.0194,0.0056,0.0000,0.0000,0.0731,0.0000,0.0295,0.0000,0.0000,0.0000,0.0000,0.8444,0.0000,4.5707
1640,4.9837,5.5790,39129,2,0,3282,55,4889421,0.0000,0.0207,0.0053,0.0000,0.0000,0.0839,0.0000,0.0300,0.0000,0.0000,0.0000,0.0000,0.7339,0.0000,4.5940
1641,5.3741,5.1722,39129,2,0,3282,55,4889421,0.0000,0.0174,0.0055,0.0000,0.0000,0.0762,0.0000,0.0300,0.0000,0.0000,0.0000,0.0000,0.8402,0.0000,4.1203
1642,6.0894,5.1548,39129,2,0,3284,55,4889485,0.0000,0.0183,0.0052,0.0000,0.0000,0.0724,0.0000,0.0294,0.0000,0.0000,0.0000,0.0000,0.6337,0.0000,4.2856
1643,4.8721,6.1955,39129,2,0,3288,55,4889613,0.0000,0.0190,0.0050,0.0000,0.0000,0.0777,0.0000,0.0319,0.0000,0.0000,0.0000,0.0000,0.7505,0.0000,5.1878
1644,5.9045,4.8602,39129,2,0,3288,55,4889613,0.0000,0.0171,0.0052,0.0000,0.0000,0.0688,0.0000,0.0282,0.0000,0.0000,0.0000,0.0000,0.7692,0.0000,3.9541
1645,6.0562,5.8669,39129,2,0,3290,55,4889677,0.0000,0.0190,0.0057,0.0000,0.0000,0.0795,0.0000,0.0282,0.0000,0.0000,0.0000,0.0000,0.6932,0.0000,4.8921
1646,5.2710,6.0228,39129,2,0,3290,55,4889677,0.0000,0.0178,0.0057,0.0000,0.0000,0.1255,0.0000,0.0288,0.0000,0.0000,0.0000,0.0000,0.9143,0.0000,4.9734
1647,5.7673,5.3765,39129,2,0,3290,55,4889677,0.0000,0.0187,0.0051,0.0000,0.0000,0.0732,0.0000,0.0295,0.0000,0.0000,0.0000,0.0000,0.8568,0.0000,4.3883
1648,5.1226,5.8432,39129,2,0,3290,55,4889677,0.0000,0.0192,0.0057,0.0000,0.0000,0.0854,0.0000,0.0314,0.0000,0.0000,0.0000,0.0000,0.8614,0.0000,4.7006
1649,5.5800,4.9632,39129,2,0,3290,55,4889677,0.0000,0.0198,0.0053,0.0000,0.0000,0.0790,0.0000,0.0305,0.0000,0.0000,0.0000,0.0000,0.7957,0.0000,4.0204
1650,5.9454,5.8243,39129,2,0,3290,55,4889677,0.0000,0.0193,0.0053,0.0000,0.0000,0.0732,0.0000,0.0304,0.0000,0.0000,0.0000,0.0000,0.7632,0.0000,4.7182
1651,5.5531,5.7412,39129,2,0,3290,55,4889677,0.0000,0.0270,0.0052,0.0000,0.0000,0.1436,0.0000,0.0293,0.0000,0.0000,0.0000,0.0000,0.7377,0.0000,4.7580
1652,4.8995,5.4643,39129,2,0,3290,55,4889677,0.0000,0.0186,0.0054,0.0000,0.0000,0.0850,0.0000,0.0292,0.0000,0.0000,0.0000,0.0000,0.9129,0.0000,4.5903
1653,6.1653,5.1024,39129,2,0,3290,55,4889677,0.0000,0.0169,0.0056,0.0000,0.0000,0.0683,0.0000,0.0274,0.0000,0.0000,0.0000,0.0000,0.7279,0.0000,4.0600
1654,13.5712,5.9874,39129,2,0,3290,55,4889677,0.0000,0.0176,0.0053,0.0000,0.0000,0.0739,0.0000,0.0303,0.0000,0.0000,0.0000,0.0000,0.7540,0.0000,5.0740
1655,4.7917,13.7560,39129,2,0,3290,55,4889677,0.0000,0.0221,0.0057,0.0000,0.0000,0.0827,0.0000,0.0319,0.0000,0.0000,0.0000,0.0000,1.1512,0.0000,4.8691
1656,4.4316,4.7372,39129,2,0,3290,55,4889677,0.0000,0.0187,0.0054,0.0000,0.0000,0.0733,0.0000,0.0305,0.0000,0.0000,0.0000,0.0000,0.8735,0.0000,3.7551
1657,4.4048,4.3685,39129,2,0,3290,55,4889677,0.0000,0.0188,0.0057,0.0000,0.0000,0.0737,0.0000,0.0311,0.0000,0.0000,0.0000,0.0000,0.6874,0.0000,3.3843
1658,4.4407,4.4200,39129,2,0,3290,55,4889677,0.0000,0.0177,0.0056,0.0000,0.0000,0.0689,0.0000,0.0300,0.0000,0.0000,0.0000,0.0000,0.8336,0.0000,3.4867
1659,4.6747,4.4279,39129,2,0,3288,55,4889613,0.0000,0.0185,0.0050,0.0000,0.0000,0.0697,0.0000,0.0292,0.0000,0.0000,0.0000,0.0000,0.6912,0.0000,3.4312
1660,4.6247,4.6495,39129,2,0,3288,55,4889613,0.0000,0.0175,0.0057,0.0000,0.0000,0.0738,0.0000,0.0312,0.0000,0.0000,0.0000,0.0000,0.8734,0.0000,3.6671
1661,4.4151,4.7879,39129,2,0,3287,55,4856845,0.0000,0.0185,0.0054,0.0000,0.0000,0.0680,0.0000,0.0280,0.0000,0.0000,0.0000,0.0000,0.6930,0.0000,3.7107
1662,4.6201,4.2027,39129,2,0,3285,55,4856781,0.0000,0.0177,0.0051,0.0000,0.0000,0.0706,0.0000,0.0292,0.0000,0.0000,0.0000,0.0000,1.0959,0.0000,3.3224
1663,5.2335,4.6839,39129,2,0,3281,55,4856653,0.0000,0.0180,0.0053,0.0000,0.0000,0.0680,0.0000,0.0297,0.0000,0.0000,0.0000,0.0000,0.7283,0.0000,3.7562
1664,5.6073,5.2245,39129,2,0,3279,55,4856589,0.0000,0.0199,0.0053,0.0000,0.0000,0.0959,0.0000,0.0297,0.0000,0.0000,0.0000,0.0000,0.7025,0.0000,4.2382
1665,5.8408,5.5550,39129,2,0,3279,55,4856589,0.0000,0.0178,0.0054,0.0000,0.0000,0.0802,0.0000,0.0286,0.0000,0.0000,0.0000,0.0000,0.7708,0.0000,4.6267
1666,4.8712,5.9099,39129,2,0,3279,55,4856589,0.0000,0.0193,0.0053,0.0000,0.0000,0.0901,0.0000,0.0447,0.0000,0.0000,0.0000,0.0000,0.7157,0.0000,4.8676
1667,5.6113,4.7550,39129,2,0,3276,55,4856493,0.0000,0.0180,0.0052,0.0000,0.0000,0.0892,0.0000,0.0289,0.0000,0.0000,0.0000,0.0000,0.8702,0.0000,3.8531
1668,5.8790,5.8567,39129,2,0,3276,55,4856493,0.0000,0.0175,0.0057,0.0000,0.0000,0.0691,0.0000,0.0300,0.0000,0.0000,0.0000,0.0000,1.3406,0.0000,4.8055
1669,6.0449,5.7031,39129,2,0,3276,55,4856493,0.0000,0.0198,0.0058,0.0000,0.0000,0.0832,0.0000,0.0293,0.0000,0.0000,0.0000,0.0000,1.0447,0.0000,4.7828
1670,5.1498,6.1789,39129,2,0,3271,55,4856333,0.0000,0.0237,0.0063,0.0000,0.0000,0.1583,0.0000,0.0323,0.0000,0.0000,0.0000,0.0000,0.7228,0.0000,5.0253
1671,5.4120,5.0421,39129,2,0,3265,55,4856141,0.0000,0.0192,0.0054,0.0000,0.0000,0.0840,0.0000,0.0312,0.0000,0.0000,0.0000,0.0000,0.7769,0.0000,3.8522
1672,5.3823,5.4129,39129,2,0,3264,55,4856109,0.0000,0.0182,0.0057,0.0000,0.0000,0.0954,0.0000,0.0302,0.0000,0.0000,0.0000,0.0000,0.7970,0.0000,4.4399
1673,6.0833,5.4787,39129,2,0,3261,55,4856013,0.0000,0.0195,0.0051,0.0000,0.0000,0.0749,0.0000,0.0303,0.0000,0.0000,0.0000,0.0000,0.7192,0.0000,4.4354
1674,5.2152,6.0266,39129,2,0,3259,55,4855949,0.0000,0.0185,0.0055,0.0000,0.0000,0.0707,0.0000,0.0298,0.0000,0.0000,0.0000,0.0000,0.7748,0.0000,4.8946
1675,5.6432,5.2021,39129,2,0,3259,55,4855949,0.0000,0.0381,0.0058,0.0000,0.0000,0.0937,0.0000,0.0299,0.0000,0.0000,0.0000,0.0000,0.8100,0.0000,4.2052
1676,5.2649,5.6297,39129,2,0,3256,55,4855853,0.0000,0.0184,0.0055,0.0000,0.0000,0.0964,0.0000,0.0289,0.0000,0.0000,0.0000,0.0000,0.8176,0.0000,4.6065
1677,6.7087,5.3390,39745,2,0,3251,55,4855693,0.0000,0.0180,0.0056,0.0000,0.0000,0.0939,0.0000,0.0288,0.0000,0.0000,0.0000,0.0000,0.8643,0.0000,4.3179
1678,5.9963,6.6975,39920,2,0,3250,55,4920341,0.0000,1.0285,1.0138,0.5363,0.4102,0.0783,0.0000,0.0006,0.0000,0.0001,0.0000,0.0000,0.7277,0.0000,5.6674
1679,4.7422,5.9458,39920,2,0,3247,55,4938620,0.0000,1.0224,1.0030,0.6033,0.4216,0.1003,0.0000,0.0006,0.0000,0.0001,0.0000,0.0000,0.7412,0.0000,4.9716
1680,4.6983,4.7444,39920,2,0,3244,55,4938524,0.0000,0.0194,0.0054,0.0000,0.0000,0.0733,0.0000,0.0299,0.0000,0.0000,0.0000,0.0000,0.8686,0.0000,3.7981
1681,5.5480,4.7666,39920,2,0,3240,55,4938396,0.0000,0.0183,0.0059,0.0000,0.0000,0.0735,0.0000,0.0312,0.0000,0.0000,0.0000,0.0000,0.6801,0.0000,3.6534
1682,5.1410,5.4292,39920,2,0,3232,55,5003612,0.0000,0.0181,0.0061,0.0000,0.0000,0.0743,0.0000,0.0295,0.0000,0.0000,0.0000,0.0000,1.1018,0.0000,4.4922
1683,5.4268,5.2630,39920,2,0,3231,55,5003580,0.0000,0.0197,0.0053,0.0000,0.0000,0.0728,0.0000,0.0298,0.0000,0.0000,0.0000,0.0000,0.7812,0.0000,4.1967
1684,5.9119,5.4377,39920,2,0,3228,55,5003484,0.0000,0.0181,0.0057,0.0000,0.0000,0.0875,0.0000,0.0294,0.0000,0.0000,0.0000,0.0000,0.6890,0.0000,4.3923
1685,5.7728,5.7395,39920,2,0,3225,55,5003388,0.0000,0.0192,0.0050,0.0000,0.0000,0.0850,0.0000,0.0306,0.0000,0.0000,0.0000,0.0000,0.7566,0.0000,4.7763
1686,5.3074,5.8970,39920,2,0,3218,55,5003164,0.0000,0.0201,0.0054,0.0000,0.0000,0.2508,0.0000,0.0292,0.0000,0.0000,0.0000,0.0000,0.8722,0.0000,4.8664
1687,5.5776,5.3462,39920,2,0,3217,55,5003132,0.0000,0.0189,0.0055,0.0000,0.0000,0.0790,0.0000,0.0297,0.0000,0.0000,0.0000,0.0000,0.6616,0.0000,4.2721
1688,5.0868,5.5234,39920,2,0,3208,55,5002844,0.0000,0.0199,0.0052,0.0000,0.0000,0.0799,0.0000,0.0296,0.0000,0.0000,0.0000,0.0000,0.7637,0.0000,4.5090
1689,5.8522,5.0278,39920,2,0,3204,55,5002716,0.0000,0.0174,0.0053,0.0000,0.0000,0.0714,0.0000,0.0286,0.0000,0.0000,0.0000,0.0000,0.7124,0.0000,4.1434
1690,5.5298,5.8327,39920,2,0,3202,55,5002652,0.0000,0.0185,0.0054,0.0000,0.0000,0.0762,0.0000,0.0273,0.0000,0.0000,0.0000,0.0000,0.6464,0.0000,4.7390
1691,13.1233,5.6765,39920,2,0,3195,55,5002428,0.0000,0.0188,0.0053,0.0000,0.0000,0.0732,0.0000,0.0290,0.0000,0.0000,0.0000,0.0000,0.7254,0.0000,4.6309
1692,5.4793,13.0959,39920,2,0,3192,55,5002332,0.0000,0.0209,0.0061,0.0000,0.0000,0.0766,0.0000,0.0309,0.0000,0.0000,0.0000,0.0000,1.3196,0.0000,4.4941
1693,4.4684,5.4163,39920,2,0,3184,55,5002076,0.0000,0.0198,0.0055,0.0000,0.0000,0.0749,0.0000,0.0297,0.0000,0.0000,0.0000,0.0000,0.7075,0.0000,4.3963
1694,5.0182,4.3916,39920,2,0,3181,55,5001980,0.0000,0.0185,0.0051,0.0000,0.0000,0.0723,0.0000,0.0293,0.0000,0.0000,0.0000,0.0000,1.1266,0.0000,3.4977
1695,4.8142,5.1396,39920,2,0,3180,55,5001948,0.0000,0.0196,0.0053,0.0000,0.0000,0.0700,0.0000,0.0305,0.0000,0.0000,0.0000,0.0000,0.7253,0.0000,4.1496
1696,4.3553,4.9005,39920,2,0,3167,55,5001532,0.0000,0.0200,0.0055,0.0000,0.0000,0.0797,0.0000,0.0359,0.0000,0.0000,0.0000,0.0000,0.8457,0.0000,3.8078
1697,4.1347,4.1611,39920,2,0,3157,55,5001212,0.0000,0.0179,0.0051,0.0000,0.0000,0.0710,0.0000,0.0285,0.0000,0.0000,0.0000,0.0000,0.6751,0.0000,3.2972
1698,4.2595,4.1215,39894,2,0,3156,55,5001180,0.0000,0.0185,0.0052,0.0000,0.0000,0.0697,0.0000,0.0285,0.0000,0.0000,0.0000,0.0000,0.6986,0.0000,3.2170
1699,4.6261,4.2610,39894,2,0,3145,55,4998098,0.0000,0.1837,0.1711,0.0900,0.0313,0.0711,0.0000,0.0283,0.0000,0.0001,0.0000,0.0000,0.7191,0.0000,3.3787
1700,5.0751,4.6068,39894,2,0,3136,55,4997810,0.0000,0.0197,0.0055,0.0000,0.0000,0.0733,0.0000,0.0286,0.0000,0.0000,0.0000,0.0000,0.7442,0.0000,3.7100
1701,5.8126,5.1726,39894,2,0,3132,55,4997682,0.0000,0.0178,0.0056,0.0000,0.0000,0.0691,0.0000,0.0293,0.0000,0.0000,0.0000,0.0000,0.7650,0.0000,4.2349
1702,5.3576,5.7185,39894,2,0,3126,55,4997490,0.0000,0.0344,0.0130,0.0000,0.0000,0.1117,0.0000,0.0294,0.0000,0.0000,0.0000,0.0000,0.8843,0.0000,4.7261
1703,5.4015,5.4161,39894,2,0,3124,55,4997426,0.0000,0.0194,0.0052,0.0000,0.0000,0.0916,0.0000,0.0291,0.0000,0.0000,0.0000,0.0000,0.7466,0.0000,4.3061
1704,5.9613,5.4322,39894,2,0,3114,55,4997106,0.0000,0.0178,0.0058,0.0000,0.0000,0.0670,0.0000,0.0298,0.0000,0.0000,0.0000,0.0000,0.7777,0.0000,4.5033
1705,4.9509,5.9244,39894,2,0,3106,55,4996850,0.0000,0.0198,0.0059,0.0000,0.0000,0.0771,0.0000,0.0295,0.0000,0.0000,0.0000,0.0000,0.6924,0.0000,4.9764
1706,7.8521,4.8919,40407,2,9,3103,55,4996754,0.0000,0.0306,0.0177,0.0068,0.0000,0.0744,0.0000,0.0296,0.0000,0.0000,0.0000,0.0000,0.6666,0.0000,4.0198
1707,4.4967,7.9357,40407,2,0,3099,55,5050491,0.0000,1.3227,1.2990,0.6600,0.5237,0.1601,0.0000,0.0005,0.0000,0.0001,0.0000,0.0000,0.7303,0.0000,6.9569
1708,5.1108,4.4316,40407,2,0,3088,55,5050139,0.0000,0.0172,0.0054,0.0000,0.0000,0.0683,0.0000,0.0277,0.0000,0.0000,0.0000,0.0000,1.1253,0.0000,3.5557
1709,4.9213,5.0947,40407,2,0,3082,57,5050819,0.0000,0.0190,0.0053,0.0000,0.0000,0.0745,0.0000,0.0293,0.0000,0.0000,0.0000,0.0000,0.7628,0.0000,4.1365
1710,6.2798,5.0236,40407,2,0,3078,57,5050691,0.0000,0.0179,0.0049,0.0000,0.0000,0.0668,0.0000,0.0278,0.0000,0.0000,0.0000,0.0000,0.7628,0.0000,4.0727
1711,5.2260,6.2850,40407,2,0,3069,57,5050403,0.0000,0.0218,0.0059,0.0000,0.0000,0.0871,0.0000,0.0298,0.0000,0.0000,0.0000,0.0000,0.7056,0.0000,5.1529
1712,5.3191,5.2382,40407,2,0,3061,57,5050147,0.0000,0.0216,0.0056,0.0000,0.0000,0.0983,0.0000,0.0329,0.0000,0.0000,0.0000,0.0000,0.8194,0.0000,4.0038
1713,5.7418,5.2971,40407,2,0,3055,57,5049955,0.0000,0.0166,0.0054,0.0000,0.0000,0.0705,0.0000,0.0292,0.0000,0.0000,0.0000,0.0000,0.7842,0.0000,4.3683
1714,5.3567,5.6950,40407,2,0,3047,57,5049699,0.0000,0.0194,0.0053,0.0000,0.0000,0.0816,0.0000,0.0310,0.0000,0.0000,0.0000,0.0000,0.6226,0.0000,4.7127
1715,5.5525,5.3320,40407,2,0,3037,57,5049379,0.0000,0.0198,0.0052,0.0000,0.0000,0.0803,0.0000,0.0309,0.0000,0.0000,0.0000,0.0000,0.7558,0.0000,4.2320
1716,6.5371,5.6459,40407,2,0,3034,57,5049283,0.0000,0.0172,0.0055,0.0000,0.0000,0.0736,0.0000,0.0286,0.0000,0.0000,0.0000,0.0000,0.8081,0.0000,4.7026
1717,5.4586,6.4275,40407,2,0,3023,57,5048931,0.0000,0.0196,0.0059,0.0000,0.0000,0.0844,0.0000,0.0292,0.0000,0.0000,0.0000,0.0000,0.7125,0.0000,5.3738
1718,4.9674,5.4857,40407,2,0,3013,57,5114851,0.0000,0.0199,0.0054,0.0000,0.0000,0.0801,0.0000,0.0297,0.0000,0.0000,0.0000,0.0000,0.7470,0.0000,4.5464
1719,6.0222,5.0494,40406,1,0,3006,57,5114819,0.0000,0.0182,0.0055,0.0000,0.0000,0.0711,0.0000,0.0277,0.0000,0.0000,0.0000,0.0000,0.8331,0.0000,4.0603
1720,5.0197,5.9517,40406,1,0,2990,57,5114302,0.0000,0.2579,0.2371,0.1401,0.0000,0.0923,0.0000,0.0289,0.0000,0.0000,0.0000,0.0000,0.7007,0.0000,4.9270
1721,6.1079,4.9690,40406,1,0,2978,57,5113918,0.0000,0.0197,0.0055,0.0000,0.0000,0.0777,0.0000,0.0320,0.0000,0.0000,0.0000,0.0000,0.7770,0.0000,4.0628
1722,5.7880,6.3105,40406,1,0,2971,57,5113694,0.0000,0.0202,0.0050,0.0000,0.0000,0.0786,0.0000,0.0286,0.0000,0.0000,0.0000,0.0000,0.8578,0.0000,5.2213
1723,5.7409,5.5922,40406,1,0,2962,57,5113406,0.0000,0.0204,0.0051,0.0000,0.0000,0.0802,0.0000,0.0309,0.0000,0.0000,0.0000,0.0000,0.6202,0.0000,4.6499
1724,5.7512,5.7900,40406,1,0,2956,57,5113214,0.0000,0.0200,0.0051,0.0000,0.0000,0.0777,0.0000,0.0291,0.0000,0.0000,0.0000,0.0000,0.7681,0.0000,4.8010
1725,6.5837,5.7998,40541,1,0,2945,57,5112862,0.0000,0.0295,0.0177,0.0069,0.0000,0.0759,0.0000,0.0280,0.0000,0.0000,0.0000,0.0000,0.7840,0.0000,4.7977
1726,7.1085,6.5990,40496,1,0,2940,52,5126877,0.0000,0.9967,0.9812,0.5251,0.4167,0.0803,0.0000,0.0000,0.0000,0.0000,0.0000,0.0000,0.8508,0.0000,5.6154
1727,12.8310,7.2214,40496,1,0,2925,52,5121672,0.0000,1.0766,1.0583,0.5235,0.4979,0.1271,0.0000,0.0000,0.0000,0.0002,0.0000,0.0000,0.9212,0.0000,5.8654
1728,4.2643,12.7120,40496,1,0,2912,52,5121256,0.0000,0.0207,0.0058,0.0000,0.0000,0.0899,0.0000,0.0264,0.0000,0.0000,0.0000,0.0000,0.7946,0.0000,3.9248
1729,4.6022,4.2533,40496,1,0,2906,52,5121064,0.0000,0.0192,0.0055,0.0000,0.0000,0.0714,0.0000,0.0368,0.0000,0.0000,0.0000,0.0000,0.6858,0.0000,3.3136
1730,4.5749,4.5604,40496,1,0,2894,52,5120680,0.0000,0.0195,0.0053,0.0000,0.0000,0.0750,0.0000,0.0298,0.0000,0.0000,0.0000,0.0000,0.6647,0.0000,3.5705
1731,4.5699,4.6559,40496,1,0,2885,52,5120392,0.0000,0.0187,0.0050,0.0000,0.0000,0.0660,0.0000,0.0280,0.0000,0.0000,0.0000,0.0000,0.6941,0.0000,3.6599
1732,4.5416,4.4228,40496,1,0,2873,52,5120008,0.0000,0.0188,0.0056,0.0000,0.0000,0.0797,0.0000,0.0288,0.0000,0.0000,0.0000,0.0000,0.5872,0.0000,3.5475
1733,4.4952,4.6204,40496,1,0,2860,52,5119580,0.0000,0.0180,0.0050,0.0000,0.0000,0.0654,0.0000,0.0288,0.0000,0.0000,0.0000,0.0000,0.8021,0.0000,3.7234
1734,4.2874,4.4624,40496,1,0,2849,52,5119228,0.0000,0.0192,0.0043,0.0000,0.0000,0.0721,0.0000,0.0294,0.0000,0.0000,0.0000,0.0000,0.6001,0.0000,3.5064
1735,4.1679,4.2919,40496,1,0,2841,52,5118972,0.0000,0.0188,0.0045,0.0000,0.0000,0.0734,0.0000,0.0290,0.0000,0.0000,0.0000,0.0000,0.7129,0.0000,3.4161
1736,5.0270,4.0880,40496,1,0,2825,52,5118460,0.0000,0.1827,0.1688,0.0901,0.0000,0.0744,0.0000,0.0274,0.0000,0.0000,0.0000,0.0000,0.6508,0.0000,3.2508
1737,6.2863,5.1494,40496,1,0,2813,52,5118076,0.0000,0.0181,0.0049,0.0000,0.0000,0.0794,0.0000,0.0286,0.0000,0.0000,0.0000,0.0000,0.6937,0.0000,4.1111
1738,5.6048,6.3434,40496,1,0,2804,52,5117788,0.0000,0.0180,0.0038,0.0000,0.0000,0.0719,0.0000,0.0342,0.0000,0.0000,0.0000,0.0000,0.7102,0.0000,5.3458
1739,5.7316,5.4822,40496,1,0,2795,52,5117500,0.0000,0.0194,0.0044,0.0000,0.0000,0.0772,0.0000,0.0288,0.0000,0.0000,0.0000,0.0000,0.6411,0.0000,4.5474
1740,5.4668,5.7307,40496,1,0,2780,52,5117020,0.0000,0.0202,0.0044,0.0000,0.0000,0.0867,0.0000,0.0293,0.0000,0.0000,0.0000,0.0000,0.7144,0.0000,4.7492
1741,7.7128,5.6023,40464,1,0,2758,52,5116316,0.0000,0.0183,0.0045,0.0000,0.0000,0.0744,0.0000,0.0306,0.0000,0.0000,0.0000,0.0000,0.7630,0.0000,4.5679
1742,5.4037,7.6131,38967,1,0,2752,52,5112764,0.0000,1.0067,0.9920,0.5268,0.4029,0.0830,0.0000,0.0000,0.0000,0.0001,0.0000,0.0000,0.6348,0.0000,6.6283
1743,4.0238,5.3849,38967,1,0,2752,52,4955579,0.0000,0.9160,0.9014,0.5150,0.3990,0.0729,0.0000,0.0000,0.0000,0.0001,0.0000,0.0000,0.5941,0.0000,4.4771
1744,5.4537,4.0154,38967,1,0,2752,55,4957787,0.0000,0.0168,0.0047,0.0000,0.0000,0.0696,0.0000,0.0287,0.0000,0.0000,0.0000,0.0000,0.6891,0.0000,3.1207
1745,5.2613,5.4326,38967,1,0,2751,55,4957755,0.0000,0.0399,0.0045,0.0000,0.0000,0.0896,0.0000,0.0282,0.0000,0.0000,0.0000,0.0000,0.5532,0.0000,4.5082
1746,6.0435,5.2910,38967,1,0,2732,55,4957147,0.0000,0.0178,0.0041,0.0000,0.0000,0.0966,0.0000,0.0287,0.0000,0.0000,0.0000,0.0000,0.6312,0.0000,4.1893
1747,4.8817,6.0153,38967,1,0,2714,55,4956571,0.0000,0.0169,0.0042,0.0000,0.0000,0.0702,0.0000,0.0280,0.0000,0.0000,0.0000,0.0000,0.6049,0.0000,5.1207
1748,6.0099,4.8656,38967,1,0,2701,55,4956155,0.0000,0.0177,0.0048,0.0000,0.0000,0.0690,0.0000,0.0278,0.0000,0.0000,0.0000,0.0000,0.5533,0.0000,4.0032
1749,5.6304,6.0144,38967,1,0,2694,55,4955931,0.0000,0.0172,0.0046,0.0000,0.0000,0.0759,0.0000,0.0288,0.0000,0.0000,0.0000,0.0000,0.9196,0.0000,5.0689
1750,5.0740,5.9050,38967,1,0,2682,55,4955547,0.0000,0.1846,0.1702,0.0905,0.0000,0.2632,0.0000,0.0296,0.0000,0.0000,0.0000,0.0000,0.7216,0.0000,4.7210
1751,5.7242,4.8036,38967,1,0,2672,55,4955227,0.0000,0.0172,0.0046,0.0000,0.0000,0.0728,0.0000,0.1199,0.0000,0.0000,0.0000,0.0000,0.6752,0.0000,3.9223
1752,5.7842,5.7510,38967,1,0,2659,55,4954811,0.0000,0.0186,0.0045,0.0000,0.0000,0.0864,0.0000,0.0283,0.0000,0.0000,0.0000,0.0000,0.6904,0.0000,4.7541
1753,5.5971,5.8386,38967,1,0,2646,55,4954395,0.0000,0.0173,0.0050,0.0000,0.0000,0.0830,0.0000,0.0292,0.0000,0.0000,0.0000,0.0000,0.6580,0.0000,4.6978
1754,4.9114,5.6126,38967,1,0,2637,55,4954107,0.0000,0.0192,0.0050,0.0000,0.0000,0.1494,0.0000,0.0282,0.0000,0.0000,0.0000,0.0000,0.5827,0.0000,4.6066
1755,5.3182,4.7892,38967,1,0,2625,55,4953723,0.0000,0.0178,0.0042,0.0000,0.0000,0.0787,0.0000,0.0273,0.0000,0.0000,0.0000,0.0000,0.6083,0.0000,3.8208
1756,7.2931,5.4802,40021,1,0,2612,55,4953307,0.0000,0.0166,0.0046,0.0000,0.0000,0.0838,0.0000,0.0272,0.0000,0.0000,0.0000,0.0000,0.5719,0.0000,4.5133
1757,5.8279,7.1954,39976,1,0,2602,55,5063657,0.0000,1.0031,0.9879,0.5306,0.4018,0.0788,0.0000,0.0000,0.0000,0.0001,0.0000,0.0000,0.5499,0.0000,6.2390
1758,6.5557,5.8434,39931,1,0,2597,57,5060244,0.0000,0.9852,0.9701,0.5258,0.4013,0.0876,0.0000,0.0000,0.0000,0.0002,0.0000,0.0000,0.8173,0.0000,4.8696
1759,4.3433,6.5634,39931,1,0,2579,58,5055379,0.0000,0.9559,0.9387,0.5139,0.4203,0.0913,0.0000,0.0000,0.0000,0.0000,0.0000,0.0000,0.7327,0.0000,5.2143
1760,4.1169,4.3669,39931,1,0,2568,58,5055027,0.0000,0.0189,0.0048,0.0000,0.0000,0.0761,0.0000,0.0289,0.0000,0.0000,0.0000,0.0000,0.6897,0.0000,3.3782
1761,4.4397,4.0079,39931,1,0,2555,58,5054599,0.0000,0.0171,0.0049,0.0000,0.0000,0.0750,0.0000,0.0285,0.0000,0.0000,0.0000,0.0000,0.5642,0.0000,3.1579
1762,6.2917,4.4507,39931,1,0,2549,58,5054407,0.0000,0.0166,0.0046,0.0000,0.0000,0.0670,0.0000,0.0285,0.0000,0.0000,0.0000,0.0000,0.6240,0.0000,3.5754
1763,4.9423,6.3474,39931,1,0,2531,58,5053771,0.0000,0.1850,0.1710,0.0903,0.0000,0.0727,0.0000,0.0275,0.0000,0.0000,0.0000,0.0000,0.6999,0.0000,5.3850
1764,13.5762,4.9703,39931,1,0,2523,58,5053515,0.0000,0.0184,0.0045,0.0000,0.0000,0.0774,0.0000,0.0291,0.0000,0.0000,0.0000,0.0000,0.7110,0.0000,4.0023
1765,4.4654,13.6909,39931,1,0,2511,58,5053131,0.0000,0.0192,0.0050,0.0000,0.0000,0.0764,0.0000,0.0308,0.0000,0.0000,0.0000,0.0000,0.9750,0.0000,5.3516
1766,3.7095,4.2567,39931,1,0,2503,58,5052875,0.0000,0.0173,0.0049,0.0000,0.0000,0.0724,0.0000,0.0303,0.0000,0.0000,0.0000,0.0000,0.5930,0.0000,3.4120
1767,3.9628,3.7362,39931,1,0,2489,58,5053899,0.0000,0.0158,0.0043,0.0000,0.0000,0.0620,0.0000,0.0270,0.0000,0.0000,0.0000,0.0000,0.5415,0.0000,2.9152
1768,3.7755,3.9795,39931,1,0,2481,58,5053643,0.0000,0.0170,0.0045,0.0000,0.0000,0.0695,0.0000,0.0284,0.0000,0.0000,0.0000,0.0000,0.5877,0.0000,3.0831
1769,4.0329,3.7627,39931,1,0,2472,58,5053355,0.0000,0.0165,0.0044,0.0000,0.0000,0.0631,0.0000,0.0262,0.0000,0.0000,0.0000,0.0000,0.7109,0.0000,2.9200
1770,4.8574,4.0230,39931,1,0,2466,58,5053163,0.0000,0.0177,0.0041,0.0000,0.0000,0.0722,0.0000,0.0270,0.0000,0.0000,0.0000,0.0000,0.6165,0.0000,3.1656
1771,8.2093,4.9215,40153,1,0,2451,58,5052683,0.0000,0.0170,0.0045,0.0000,0.0000,0.0696,0.0000,0.0284,0.0000,0.0000,0.0000,0.0000,0.5420,0.0000,4.0179
1772,5.7859,8.2922,40284,1,0,2440,58,5075641,0.0000,0.9879,0.9725,0.5324,0.4102,0.0829,0.0000,0.0000,0.0000,0.0001,0.0000,0.0000,0.7829,0.0000,7.1164
1773,4.1225,5.6520,40284,1,0,2427,58,5088980,0.0000,0.9007,0.8871,0.5263,0.3989,0.0741,0.0000,0.0000,0.0000,0.0001,0.0000,0.0000,0.5436,0.0000,4.7928
1774,3.9840,4.1720,40284,1,0,2418,58,5088680,0.0000,0.0170,0.0044,0.0000,0.0000,0.0661,0.0000,0.0279,0.0000,0.0000,0.0000,0.0000,0.6430,0.0000,3.2845
1775,5.7041,3.8903,40284,1,0,2404,58,5088232,0.0000,0.0172,0.0044,0.0000,0.0000,0.0666,0.0000,0.0280,0.0000,0.0000,0.0000,0.0000,0.7621,0.0000,3.0591
1776,4.8964,5.8066,40284,1,0,2392,58,5087848,0.0000,0.1827,0.1690,0.0904,0.0000,0.0862,0.0000,0.0295,0.0000,0.0000,0.0000,0.0000,0.6174,0.0000,4.7031
1777,6.1924,4.8843,40284,1,0,2382,58,5087528,0.0000,0.0167,0.0044,0.0000,0.0000,0.0719,0.0000,0.0297,0.0000,0.0000,0.0000,0.0000,0.5272,0.0000,3.9569
1778,4.6656,6.1419,40284,1,0,2377,58,5088840,0.0000,0.0188,0.0051,0.0000,0.0000,0.0813,0.0000,0.0274,0.0000,0.0000,0.0000,0.0000,0.6135,0.0000,5.0051
1779,6.2858,4.6952,40284,1,0,2363,58,5088392,0.0000,0.0170,0.0041,0.0000,0.0000,0.0670,0.0000,0.0278,0.0000,0.0000,0.0000,0.0000,0.7469,0.0000,3.8375
1780,4.9247,6.2728,40284,1,0,2355,58,5088136,0.0000,0.0158,0.0047,0.0000,0.0000,0.0985,0.0000,0.0279,0.0000,0.0000,0.0000,0.0000,0.5892,0.0000,5.1910
1781,5.6668,4.8646,40284,1,0,2343,58,5087752,0.0000,0.0178,0.0041,0.0000,0.0000,0.0709,0.0000,0.0281,0.0000,0.0000,0.0000,0.0000,0.5765,0.0000,4.0290
1782,6.0793,5.7615,40284,1,0,2331,58,5087368,0.0000,0.0529,0.0045,0.0000,0.0000,0.1026,0.0000,0.0300,0.0000,0.0000,0.0000,0.0000,0.6086,0.0000,4.7168
1783,5.1116,6.1251,40284,1,0,2320,58,5087016,0.0000,0.0174,0.0046,0.0000,0.0000,0.0742,0.0000,0.0288,0.0000,0.0000,0.0000,0.0000,0.8425,0.0000,4.9578
1784,7.0437,5.0405,40810,1,0,2313,58,5086792,0.0000,0.0188,0.0048,0.0000,0.0000,0.0857,0.0000,0.0307,0.0000,0.0000,0.0000,0.0000,0.5708,0.0000,4.0265
1785,5.5522,7.2168,40636,1,0,2297,58,5141510,0.0000,1.0137,1.0007,0.5749,0.4445,0.0731,0.0000,0.0000,0.0000,0.0002,0.0000,0.0000,0.5854,0.0000,5.9672
1786,5.7833,5.5386,40681,1,0,2288,58,5122952,0.0000,0.8992,0.8861,0.5104,0.3904,0.0710,0.0000,0.0000,0.0000,0.0001,0.0000,0.0000,0.5099,0.0000,4.4965
1787,4.3086,5.6074,40681,1,0,2278,58,5127357,0.0000,0.9241,0.9089,0.5257,0.3939,0.0842,0.0000,0.0000,0.0000,0.0000,0.0000,0.0000,0.5792,0.0000,4.6961
1788,4.9355,4.3405,40681,1,0,2269,58,5127069,0.0000,0.1775,0.1645,0.0879,0.0000,0.0704,0.0000,0.0292,0.0000,0.0000,0.0000,0.0000,0.5686,0.0000,3.4574
1789,5.7399,5.0565,40681,1,0,2260,58,5126721,0.0000,0.0166,0.0046,0.0000,0.0000,0.0692,0.0000,0.0301,0.0000,0.0000,0.0000,0.0000,0.5042,0.0000,3.9625
1790,5.1197,5.5840,40681,1,0,2236,58,5125953,0.0000,0.0164,0.0046,0.0000,0.0000,0.0727,0.0000,0.0286,0.0000,0.0000,0.0000,0.0000,0.7731,0.0000,4.6710
1791,6.0944,5.2108,40681,1,0,2234,58,5125889,0.0000,0.0252,0.0081,0.0000,0.0000,0.2657,0.0000,0.0283,0.0000,0.0000,0.0000,0.0000,0.5876,0.0000,4.2249
1792,5.5330,6.1363,40681,1,0,2224,58,5125569,0.0000,0.0171,0.0045,0.0000,0.0000,0.0909,0.0000,0.0288,0.0000,0.0000,0.0000,0.0000,0.5783,0.0000,5.0825
1793,4.4632,5.3728,40681,1,0,2216,58,5125313,0.0000,0.0179,0.0044,0.0000,0.0000,0.0728,0.0000,0.0284,0.0000,0.0000,0.0000,0.0000,0.5322,0.0000,4.4868
1794,6.4424,4.8747,40681,1,0,2205,58,5124961,0.0000,0.0168,0.0044,0.0000,0.0000,0.0662,0.0000,0.0270,0.0000,0.0000,0.0000,0.0000,0.4962,0.0000,3.6975
1795,4.6671,6.0372,40681,1,0,2194,58,5124609,0.0000,0.0185,0.0041,0.0000,0.0000,0.0834,0.0000,0.0290,0.0000,0.0000,0.0000,0.0000,0.4858,0.0000,5.0321
1796,6.2441,4.7226,40681,1,0,2187,58,4977755,0.0000,0.0181,0.0048,0.0000,0.0000,0.2021,0.0000,0.0289,0.0000,0.0000,0.0000,0.0000,0.4954,0.0000,3.7922
1797,4.7037,6.2758,40681,1,0,2171,53,4977243,0.0000,0.0173,0.0047,0.0000,0.0000,0.0944,0.0000,0.0306,0.0000,0.0000,0.0000,0.0000,0.5574,0.0000,5.3003
1798,6.7338,4.6052,41159,1,0,2165,53,4977051,0.0000,0.0169,0.0045,0.0000,0.0000,0.0767,0.0000,0.0283,0.0000,0.0000,0.0000,0.0000,0.5538,0.0000,3.5522
1799,5.8432,6.7769,41378,1,0,2157,53,5026825,0.0000,1.0294,1.0143,0.5807,0.4407,0.0985,0.0000,0.0000,0.0000,0.0002,0.0000,0.0000,0.5565,0.0000,5.7969
