frame,wall_ms,delta_ms,instances,draws,regenerated,batches,setpass,triangles,MGTerrain.InstanceUpdate,MGTerrain.DetailSelection,MGTerrain.DetailCandidates,MGTerrain.GpuPrepare,MGTerrain.SurfaceRendering,MGTerrain.ResidentVisibility,MGTerrain.ResidentVisibility.Compare,MGTerrain.ResidentVisibility.BuildCommands,MGTerrain.ResidentVisibility.Upload,MGTerrain.GPUCulling,RenderLoop.Draw,RenderLoop.DrawSRPBatcher,Gfx.WaitForPresentOnGfxThread,PlayerLoop
1200,4.4430,4.2659,41422,1,0,2081,48,704458,0.0056,0.0000,0.0000,0.0000,0.0737,0.0000,0.0000,0.0000,0.0000,0.0000,0.0000,0.4852,0.0000,3.2473
1201,3.9579,3.8023,41422,1,0,2081,48,704458,0.0064,0.0000,0.0000,0.0000,0.0774,0.0000,0.0000,0.0000,0.0000,0.0000,0.0000,0.6288,0.0000,2.8975
1202,3.7744,4.2560,41422,1,0,2081,48,704458,0.0064,0.0000,0.0000,0.0000,0.0870,0.0000,0.0000,0.0000,0.0000,0.0000,0.0000,0.4470,0.0000,3.1102
1203,3.7928,3.6498,41422,1,0,2081,48,704458,0.0060,0.0000,0.0000,0.0000,0.1443,0.0000,0.0000,0.0000,0.0000,0.0000,0.0000,0.3705,0.0000,2.6710
1204,3.4695,3.6851,41422,1,0,2081,48,704458,0.0067,0.0000,0.0000,0.0000,0.0678,0.0000,0.0000,0.0000,0.0000,0.0000,0.0000,0.4533,0.0000,2.8405
1205,4.0601,3.4970,41422,1,0,2081,48,704458,0.0052,0.0000,0.0000,0.0000,0.0647,0.0000,0.0000,0.0000,0.0000,0.0000,0.0000,0.5074,0.0000,2.5765
1206,3.6876,4.0514,41422,1,0,2081,48,704458,0.0047,0.0000,0.0000,0.0000,0.0605,0.0000,0.0000,0.0000,0.0000,0.0000,0.0000,0.3551,0.0000,3.1360
1207,3.6720,3.6473,41422,1,0,2081,48,704458,0.0061,0.0000,0.0000,0.0000,0.0696,0.0000,0.0000,0.0000,0.0000,0.0000,0.0000,0.4202,0.0000,2.7359
1208,4.2516,3.7131,41422,1,0,2081,48,704458,0.0069,0.0000,0.0000,0.0000,0.0720,0.0000,0.0000,0.0000,0.0000,0.0000,0.0000,0.4315,0.0000,2.7832
1209,3.4727,4.2334,41422,1,0,2081,48,704458,0.0073,0.0000,0.0000,0.0000,0.0786,0.0000,0.0000,0.0000,0.0000,0.0000,0.0000,0.4417,0.0000,3.2907
1210,4.0690,3.5347,41422,1,0,2081,48,704458,0.0053,0.0000,0.0000,0.0000,0.0633,0.0000,0.0000,0.0000,0.0000,0.0000,0.0000,0.5467,0.0000,2.6264
1211,3.0435,3.9596,41422,1,0,2081,48,704458,0.0056,0.0000,0.0000,0.0000,0.0691,0.0000,0.0000,0.0000,0.0000,0.0000,0.0000,0.4421,0.0000,3.0325
1212,3.5501,3.0562,41422,1,0,2081,48,704458,0.0048,0.0000,0.0000,0.0000,0.0750,0.0000,0.0000,0.0000,0.0000,0.0000,0.0000,0.4008,0.0000,2.2467
1213,3.4517,3.6322,41422,1,0,2081,48,704458,0.0046,0.0000,0.0000,0.0000,0.0677,0.0000,0.0000,0.0000,0.0000,0.0000,0.0000,0.4305,0.0000,2.6657
1214,3.2747,3.3358,41422,1,0,2081,48,704458,0.0048,0.0000,0.0000,0.0000,0.0595,0.0000,0.0000,0.0000,0.0000,0.0000,0.0000,0.3729,0.0000,2.5164
1215,3.8355,3.5202,41422,1,0,2081,48,704458,0.0049,0.0000,0.0000,0.0000,0.0810,0.0000,0.0000,0.0000,0.0000,0.0000,0.0000,0.3535,0.0000,2.5026
1216,3.3153,3.5444,41422,1,0,2081,48,704458,0.0062,0.0000,0.0000,0.0000,0.0696,0.0000,0.0000,0.0000,0.0000,0.0000,0.0000,0.3993,0.0000,2.7316
1217,3.7596,3.4241,41422,1,0,2081,48,704458,0.0045,0.0000,0.0000,0.0000,0.0606,0.0000,0.0000,0.0000,0.0000,0.0000,0.0000,0.5754,0.0000,2.5927
1218,3.5315,3.8207,41422,1,0,2081,48,704458,0.0063,0.0000,0.0000,0.0000,0.0822,0.0000,0.0000,0.0000,0.0000,0.0000,0.0000,0.4214,0.0000,2.8236
1219,3.3994,3.5212,41422,1,0,2081,48,704458,0.0056,0.0000,0.0000,0.0000,0.0637,0.0000,0.0000,0.0000,0.0000,0.0000,0.0000,0.3847,0.0000,2.5325
1220,3.4145,3.3837,41422,1,0,2081,48,704458,0.0053,0.0000,0.0000,0.0000,0.0634,0.0000,0.0000,0.0000,0.0000,0.0000,0.0000,0.4514,0.0000,2.5195
1221,3.2213,3.3979,41422,1,0,2081,48,704458,0.0060,0.0000,0.0000,0.0000,0.0615,0.0000,0.0000,0.0000,0.0000,0.0000,0.0000,0.3554,0.0000,2.5318
1222,4.5516,3.0936,41422,1,0,2081,48,704458,0.0045,0.0000,0.0000,0.0000,0.0584,0.0000,0.0000,0.0000,0.0000,0.0000,0.0000,0.8225,0.0000,2.3538
1223,3.7264,4.8615,41422,1,0,2081,48,704458,0.0057,0.0000,0.0000,0.0000,0.0654,0.0000,0.0000,0.0000,0.0000,0.0000,0.0000,0.7466,0.0000,3.7663
1224,3.5268,3.4431,41422,1,0,2081,48,704458,0.0054,0.0000,0.0000,0.0000,0.0638,0.0000,0.0000,0.0000,0.0000,0.0000,0.0000,0.3942,0.0000,2.6588
1225,4.0545,3.5314,41422,1,0,2081,48,704458,0.0052,0.0000,0.0000,0.0000,0.0805,0.0000,0.0000,0.0000,0.0000,0.0000,0.0000,0.6410,0.0000,2.5959
1226,4.2879,4.2310,41422,1,0,2081,48,704458,0.0056,0.0000,0.0000,0.0000,0.0946,0.0000,0.0000,0.0000,0.0000,0.0000,0.0000,0.3523,0.0000,3.2118
1227,3.6643,4.3080,41422,1,0,2081,48,704458,0.0056,0.0000,0.0000,0.0000,0.0735,0.0000,0.0000,0.0000,0.0000,0.0000,0.0000,0.6628,0.0000,3.2561
1228,5.0937,3.4927,41422,1,0,2081,48,704458,0.0058,0.0000,0.0000,0.0000,0.0695,0.0000,0.0000,0.0000,0.0000,0.0000,0.0000,0.9009,0.0000,2.6305
1229,3.4528,5.2257,41422,1,0,2081,48,704458,0.0057,0.0000,0.0000,0.0000,0.0971,0.0000,0.0000,0.0000,0.0000,0.0000,0.0000,0.7918,0.0000,4.1884
1230,4.2474,3.5333,41422,1,0,2081,48,704458,0.0053,0.0000,0.0000,0.0000,0.0626,0.0000,0.0000,0.0000,0.0000,0.0000,0.0000,0.3711,0.0000,2.5093
1231,3.5028,4.0476,41422,1,0,2081,48,704458,0.0059,0.0000,0.0000,0.0000,0.0759,0.0000,0.0000,0.0000,0.0000,0.0000,0.0000,0.4660,0.0000,3.0007
1232,3.6005,3.6763,41422,1,0,2081,48,704458,0.0057,0.0000,0.0000,0.0000,0.0675,0.0000,0.0000,0.0000,0.0000,0.0000,0.0000,0.3822,0.0000,2.6389
1233,3.3420,3.4890,41422,1,0,2081,48,704458,0.0054,0.0000,0.0000,0.0000,0.0642,0.0000,0.0000,0.0000,0.0000,0.0000,0.0000,0.3695,0.0000,2.6209
1234,3.1897,3.2070,41422,1,0,2081,48,704458,0.0046,0.0000,0.0000,0.0000,0.0631,0.0000,0.0000,0.0000,0.0000,0.0000,0.0000,0.3803,0.0000,2.4548
1235,12.4134,3.6159,41422,1,0,2081,48,704458,0.0044,0.0000,0.0000,0.0000,0.0587,0.0000,0.0000,0.0000,0.0000,0.0000,0.0000,0.4231,0.0000,2.4821
1236,3.7073,12.1144,41422,1,0,2081,48,704458,0.0087,0.0000,0.0000,0.0000,0.0843,0.0000,0.0000,0.0000,0.0000,0.0000,0.0000,0.5120,0.0000,3.3147
1237,3.5255,3.7580,41422,1,0,2081,48,704458,0.0056,0.0000,0.0000,0.0000,0.0646,0.0000,0.0000,0.0000,0.0000,0.0000,0.0000,0.4650,0.0000,2.7914
1238,3.3952,3.4650,41422,1,0,2081,48,704458,0.0060,0.0000,0.0000,0.0000,0.0650,0.0000,0.0000,0.0000,0.0000,0.0000,0.0000,0.3896,0.0000,2.5691
1239,3.5309,3.4812,41422,1,0,2081,48,704458,0.0051,0.0000,0.0000,0.0000,0.0589,0.0000,0.0000,0.0000,0.0000,0.0000,0.0000,0.3306,0.0000,2.5294
1240,3.3762,3.4382,41422,1,0,2081,48,704458,0.0055,0.0000,0.0000,0.0000,0.0631,0.0000,0.0000,0.0000,0.0000,0.0000,0.0000,0.4068,0.0000,2.5561
1241,3.4038,3.4264,41422,1,0,2081,48,704458,0.0057,0.0000,0.0000,0.0000,0.1666,0.0000,0.0000,0.0000,0.0000,0.0000,0.0000,0.3881,0.0000,2.5112
1242,4.0902,3.3896,41422,1,0,2081,48,704458,0.0051,0.0000,0.0000,0.0000,0.0588,0.0000,0.0000,0.0000,0.0000,0.0000,0.0000,0.3803,0.0000,2.5018
1243,3.6622,4.1542,41422,1,0,2081,48,704458,0.0067,0.0000,0.0000,0.0000,0.0795,0.0000,0.0000,0.0000,0.0000,0.0000,0.0000,0.4546,0.0000,3.1041
1244,3.9472,3.4967,41422,1,0,2081,48,704458,0.0063,0.0000,0.0000,0.0000,0.0650,0.0000,0.0000,0.0000,0.0000,0.0000,0.0000,0.3896,0.0000,2.6962
1245,4.2397,4.2093,41422,1,0,2081,48,704458,0.0092,0.0000,0.0000,0.0000,0.1291,0.0000,0.0000,0.0000,0.0000,0.0000,0.0000,0.4614,0.0000,3.1509
1246,3.6728,4.0986,41422,1,0,2081,48,704458,0.0065,0.0000,0.0000,0.0000,0.0738,0.0000,0.0000,0.0000,0.0000,0.0000,0.0000,0.4469,0.0000,3.1178
1247,3.1962,3.5815,41422,1,0,2081,48,704458,0.0065,0.0000,0.0000,0.0000,0.0706,0.0000,0.0000,0.0000,0.0000,0.0000,0.0000,0.4341,0.0000,2.7281
1248,3.4728,3.2140,41422,1,0,2081,48,704458,0.0048,0.0000,0.0000,0.0000,0.0636,0.0000,0.0000,0.0000,0.0000,0.0000,0.0000,0.3641,0.0000,2.3799
1249,3.4531,3.4486,41422,1,0,2081,48,704458,0.0055,0.0000,0.0000,0.0000,0.0752,0.0000,0.0000,0.0000,0.0000,0.0000,0.0000,0.4710,0.0000,2.6523
1250,3.5402,3.6169,41422,1,0,2081,48,704458,0.0054,0.0000,0.0000,0.0000,0.0661,0.0000,0.0000,0.0000,0.0000,0.0000,0.0000,0.4536,0.0000,2.5983
1251,3.9411,3.4737,41422,1,0,2081,48,704458,0.0051,0.0000,0.0000,0.0000,0.0600,0.0000,0.0000,0.0000,0.0000,0.0000,0.0000,0.3785,0.0000,2.5448
1252,3.3746,3.9966,41422,1,0,2081,48,704458,0.0056,0.0000,0.0000,0.0000,0.0709,0.0000,0.0000,0.0000,0.0000,0.0000,0.0000,0.4506,0.0000,2.9218
1253,3.5738,3.3232,41422,1,0,2081,48,704458,0.0051,0.0000,0.0000,0.0000,0.0637,0.0000,0.0000,0.0000,0.0000,0.0000,0.0000,0.3517,0.0000,2.4114
1254,3.3279,3.5018,41422,1,0,2081,48,704458,0.0054,0.0000,0.0000,0.0000,0.0652,0.0000,0.0000,0.0000,0.0000,0.0000,0.0000,0.3943,0.0000,2.6310
1255,3.2942,3.3946,41422,1,0,2081,48,704458,0.0049,0.0000,0.0000,0.0000,0.0621,0.0000,0.0000,0.0000,0.0000,0.0000,0.0000,0.3313,0.0000,2.4802
1256,3.6341,3.2014,41422,1,0,2081,48,704458,0.0049,0.0000,0.0000,0.0000,0.0590,0.0000,0.0000,0.0000,0.0000,0.0000,0.0000,0.3719,0.0000,2.4117
1257,3.4362,3.7621,41422,1,0,2081,48,704458,0.0059,0.0000,0.0000,0.0000,0.0639,0.0000,0.0000,0.0000,0.0000,0.0000,0.0000,0.3800,0.0000,2.7866
1258,3.5197,3.3688,41422,1,0,2081,48,704458,0.0055,0.0000,0.0000,0.0000,0.0620,0.0000,0.0000,0.0000,0.0000,0.0000,0.0000,0.4537,0.0000,2.5089
1259,3.1613,3.5679,41422,1,0,2081,48,704458,0.0060,0.0000,0.0000,0.0000,0.0650,0.0000,0.0000,0.0000,0.0000,0.0000,0.0000,0.4193,0.0000,2.6107
1260,3.1347,2.9870,41422,1,0,2081,48,704458,0.0045,0.0000,0.0000,0.0000,0.0587,0.0000,0.0000,0.0000,0.0000,0.0000,0.0000,0.3682,0.0000,2.2497
1261,3.4899,3.3762,41422,1,0,2081,48,704458,0.0048,0.0000,0.0000,0.0000,0.0624,0.0000,0.0000,0.0000,0.0000,0.0000,0.0000,0.4271,0.0000,2.4004
1262,3.4495,3.2496,41422,1,0,2081,48,704458,0.0057,0.0000,0.0000,0.0000,0.0640,0.0000,0.0000,0.0000,0.0000,0.0000,0.0000,0.3460,0.0000,2.4610
1263,3.4851,3.6528,41422,1,0,2081,48,704458,0.0045,0.0000,0.0000,0.0000,0.0605,0.0000,0.0000,0.0000,0.0000,0.0000,0.0000,0.3447,0.0000,2.6874
1264,3.0702,3.3055,41422,1,0,2081,48,704458,0.0051,0.0000,0.0000,0.0000,0.0658,0.0000,0.0000,0.0000,0.0000,0.0000,0.0000,0.4534,0.0000,2.5225
1265,3.3740,3.1539,41422,1,0,2081,48,704458,0.0046,0.0000,0.0000,0.0000,0.0611,0.0000,0.0000,0.0000,0.0000,0.0000,0.0000,0.3368,0.0000,2.3011
1266,3.9665,3.4904,41422,1,0,2081,48,704458,0.0054,0.0000,0.0000,0.0000,0.0621,0.0000,0.0000,0.0000,0.0000,0.0000,0.0000,0.4309,0.0000,2.5436
1267,3.5103,3.8016,41422,1,0,2081,48,704458,0.0057,0.0000,0.0000,0.0000,0.0684,0.0000,0.0000,0.0000,0.0000,0.0000,0.0000,0.4282,0.0000,2.8628
1268,3.8788,3.5997,41422,1,0,2081,48,704458,0.0051,0.0000,0.0000,0.0000,0.0633,0.0000,0.0000,0.0000,0.0000,0.0000,0.0000,0.3824,0.0000,2.7059
1269,3.0302,3.7544,41422,1,0,2081,48,704458,0.0061,0.0000,0.0000,0.0000,0.0723,0.0000,0.0000,0.0000,0.0000,0.0000,0.0000,0.3950,0.0000,2.9225
1270,3.9884,3.2066,41422,1,0,2081,48,704458,0.0049,0.0000,0.0000,0.0000,0.0606,0.0000,0.0000,0.0000,0.0000,0.0000,0.0000,0.4410,0.0000,2.2641
1271,3.3868,3.8662,41422,1,0,2081,48,704458,0.0065,0.0000,0.0000,0.0000,0.0690,0.0000,0.0000,0.0000,0.0000,0.0000,0.0000,0.4221,0.0000,3.0123
1272,3.3875,3.4781,41422,1,0,2081,48,704458,0.0056,0.0000,0.0000,0.0000,0.0867,0.0000,0.0000,0.0000,0.0000,0.0000,0.0000,0.3265,0.0000,2.5417
1273,3.5947,3.3469,41422,1,0,2081,48,704458,0.0060,0.0000,0.0000,0.0000,0.0627,0.0000,0.0000,0.0000,0.0000,0.0000,0.0000,0.5113,0.0000,2.4701
1274,3.1494,3.4855,41422,1,0,2081,48,704458,0.0055,0.0000,0.0000,0.0000,0.0649,0.0000,0.0000,0.0000,0.0000,0.0000,0.0000,0.3966,0.0000,2.6694
1275,4.0251,3.4408,41422,1,0,2081,48,704458,0.0051,0.0000,0.0000,0.0000,0.0605,0.0000,0.0000,0.0000,0.0000,0.0000,0.0000,0.3827,0.0000,2.3875
1276,3.2273,3.7879,41422,1,0,2081,48,704458,0.0063,0.0000,0.0000,0.0000,0.0731,0.0000,0.0000,0.0000,0.0000,0.0000,0.0000,0.4297,0.0000,2.9294
1277,3.9745,3.3499,41422,1,0,2081,48,704458,0.0054,0.0000,0.0000,0.0000,0.0624,0.0000,0.0000,0.0000,0.0000,0.0000,0.0000,0.3382,0.0000,2.4123
1278,3.5019,4.0070,41422,1,0,2081,48,704458,0.0055,0.0000,0.0000,0.0000,0.0684,0.0000,0.0000,0.0000,0.0000,0.0000,0.0000,0.6504,0.0000,2.9003
1279,3.9804,3.3945,41422,1,0,2081,48,704458,0.0059,0.0000,0.0000,0.0000,0.0659,0.0000,0.0000,0.0000,0.0000,0.0000,0.0000,0.3342,0.0000,2.4923
1280,3.8121,4.0466,41422,1,0,2081,48,704458,0.0054,0.0000,0.0000,0.0000,0.0657,0.0000,0.0000,0.0000,0.0000,0.0000,0.0000,0.4741,0.0000,3.1027
1281,3.3753,3.7781,41422,1,0,2081,48,704458,0.0069,0.0000,0.0000,0.0000,0.0716,0.0000,0.0000,0.0000,0.0000,0.0000,0.0000,0.3816,0.0000,2.7647
1282,3.6783,3.3358,41422,1,0,2081,48,704458,0.0054,0.0000,0.0000,0.0000,0.0628,0.0000,0.0000,0.0000,0.0000,0.0000,0.0000,0.3984,0.0000,2.5099
1283,3.3554,3.7680,41422,1,0,2081,48,704458,0.0069,0.0000,0.0000,0.0000,0.0751,0.0000,0.0000,0.0000,0.0000,0.0000,0.0000,0.5244,0.0000,2.7494
1284,3.8308,3.2136,41422,1,0,2081,48,704458,0.0060,0.0000,0.0000,0.0000,0.0615,0.0000,0.0000,0.0000,0.0000,0.0000,0.0000,0.3676,0.0000,2.3997
1285,3.8586,3.8714,41422,1,0,2081,48,704458,0.0230,0.0000,0.0000,0.0000,0.0770,0.0000,0.0000,0.0000,0.0000,0.0000,0.0000,0.5661,0.0000,2.9741
1286,3.5790,3.8676,41422,1,0,2081,48,704458,0.0058,0.0000,0.0000,0.0000,0.0650,0.0000,0.0000,0.0000,0.0000,0.0000,0.0000,0.3555,0.0000,2.9229
1287,3.9644,3.5403,41422,1,0,2081,48,704458,0.0058,0.0000,0.0000,0.0000,0.0662,0.0000,0.0000,0.0000,0.0000,0.0000,0.0000,0.5837,0.0000,2.7270
1288,3.4603,3.9442,41422,1,0,2081,48,704458,0.0063,0.0000,0.0000,0.0000,0.0669,0.0000,0.0000,0.0000,0.0000,0.0000,0.0000,0.4611,0.0000,3.0686
1289,11.9693,3.5831,41422,1,0,2081,48,704458,0.0053,0.0000,0.0000,0.0000,0.0640,0.0000,0.0000,0.0000,0.0000,0.0000,0.0000,0.4233,0.0000,2.6757
1290,4.3854,12.1882,41422,1,0,2081,48,704458,0.0081,0.0000,0.0000,0.0000,0.0908,0.0000,0.0000,0.0000,0.0000,0.0000,0.0000,0.5065,0.0000,3.3281
1291,3.7819,4.0917,41422,1,0,2081,48,704458,0.0070,0.0000,0.0000,0.0000,0.0659,0.0000,0.0000,0.0000,0.0000,0.0000,0.0000,0.4469,0.0000,3.2237
1292,3.5593,3.9355,41422,1,0,2081,48,704458,0.0059,0.0000,0.0000,0.0000,0.0892,0.0000,0.0000,0.0000,0.0000,0.0000,0.0000,0.4290,0.0000,2.8665
1293,4.0918,3.4590,41422,1,0,2081,48,704458,0.0055,0.0000,0.0000,0.0000,0.0599,0.0000,0.0000,0.0000,0.0000,0.0000,0.0000,0.4099,0.0000,2.5664
1294,3.1973,3.9714,41422,1,0,2081,48,704458,0.0067,0.0000,0.0000,0.0000,0.0714,0.0000,0.0000,0.0000,0.0000,0.0000,0.0000,0.4470,0.0000,3.1393
1295,4.1911,3.4137,41422,1,0,2081,48,704458,0.0064,0.0000,0.0000,0.0000,0.0630,0.0000,0.0000,0.0000,0.0000,0.0000,0.0000,0.3253,0.0000,2.4062
1296,3.6644,4.1025,41422,1,0,2081,48,704458,0.0064,0.0000,0.0000,0.0000,0.0789,0.0000,0.0000,0.0000,0.0000,0.0000,0.0000,0.5736,0.0000,3.1488
1297,3.7952,3.6565,41422,1,0,2081,48,704458,0.0066,0.0000,0.0000,0.0000,0.0798,0.0000,0.0000,0.0000,0.0000,0.0000,0.0000,0.3905,0.0000,2.6931
1298,3.7852,3.8524,41422,1,0,2081,48,704458,0.0066,0.0000,0.0000,0.0000,0.0663,0.0000,0.0000,0.0000,0.0000,0.0000,0.0000,0.4741,0.0000,2.8948
1299,3.4125,3.7032,41422,1,0,2081,48,704458,0.0055,0.0000,0.0000,0.0000,0.0670,0.0000,0.0000,0.0000,0.0000,0.0000,0.0000,0.3535,0.0000,2.7720
1300,3.5998,3.3689,41422,1,0,2081,48,704458,0.0058,0.0000,0.0000,0.0000,0.0649,0.0000,0.0000,0.0000,0.0000,0.0000,0.0000,0.5164,0.0000,2.5503
1301,3.3528,3.6599,41422,1,0,2081,48,704458,0.0054,0.0000,0.0000,0.0000,0.0644,0.0000,0.0000,0.0000,0.0000,0.0000,0.0000,0.3824,0.0000,2.7293
1302,3.7299,3.2759,41422,1,0,2081,48,704458,0.0071,0.0000,0.0000,0.0000,0.0675,0.0000,0.0000,0.0000,0.0000,0.0000,0.0000,0.3850,0.0000,2.4582
1303,4.1280,3.8849,41422,1,0,2081,48,704458,0.0062,0.0000,0.0000,0.0000,0.0727,0.0000,0.0000,0.0000,0.0000,0.0000,0.0000,0.5452,0.0000,2.8377
1304,3.8393,3.9562,41422,1,0,2081,48,704458,0.0056,0.0000,0.0000,0.0000,0.0693,0.0000,0.0000,0.0000,0.0000,0.0000,0.0000,0.3480,0.0000,3.1089
1305,3.4374,4.0352,41422,1,0,2081,48,704458,0.0071,0.0000,0.0000,0.0000,0.0819,0.0000,0.0000,0.0000,0.0000,0.0000,0.0000,0.4750,0.0000,2.9952
1306,3.9233,3.4365,41422,1,0,2081,48,704458,0.0052,0.0000,0.0000,0.0000,0.0625,0.0000,0.0000,0.0000,0.0000,0.0000,0.0000,0.3238,0.0000,2.4223
1307,3.6252,3.8741,41422,1,0,2081,48,704458,0.0049,0.0000,0.0000,0.0000,0.0668,0.0000,0.0000,0.0000,0.0000,0.0000,0.0000,0.4530,0.0000,2.9238
1308,3.2865,3.4644,41422,1,0,2081,48,704458,0.0075,0.0000,0.0000,0.0000,0.0700,0.0000,0.0000,0.0000,0.0000,0.0000,0.0000,0.3664,0.0000,2.6161
1309,3.9374,3.3296,41422,1,0,2081,48,704458,0.0046,0.0000,0.0000,0.0000,0.0590,0.0000,0.0000,0.0000,0.0000,0.0000,0.0000,0.3651,0.0000,2.5362
1310,3.5072,4.0661,41422,1,0,2081,48,704458,0.0129,0.0000,0.0000,0.0000,0.0674,0.0000,0.0000,0.0000,0.0000,0.0000,0.0000,0.4036,0.0000,2.9925
1311,3.6589,3.3940,41422,1,0,2081,48,704458,0.0044,0.0000,0.0000,0.0000,0.0616,0.0000,0.0000,0.0000,0.0000,0.0000,0.0000,0.4978,0.0000,2.4684
1312,3.3437,3.6881,41422,1,0,2081,48,704458,0.0061,0.0000,0.0000,0.0000,0.0738,0.0000,0.0000,0.0000,0.0000,0.0000,0.0000,0.5464,0.0000,2.7361
1313,3.7828,3.3324,41422,1,0,2081,48,704458,0.0052,0.0000,0.0000,0.0000,0.0629,0.0000,0.0000,0.0000,0.0000,0.0000,0.0000,0.3777,0.0000,2.4717
1314,3.5950,3.7820,41422,1,0,2081,48,704458,0.0059,0.0000,0.0000,0.0000,0.0699,0.0000,0.0000,0.0000,0.0000,0.0000,0.0000,0.5061,0.0000,2.8558
1315,3.4545,3.6373,41422,1,0,2081,48,704458,0.0057,0.0000,0.0000,0.0000,0.0658,0.0000,0.0000,0.0000,0.0000,0.0000,0.0000,0.5254,0.0000,2.6998
1316,3.4403,3.3523,41422,1,0,2081,48,704458,0.0051,0.0000,0.0000,0.0000,0.0632,0.0000,0.0000,0.0000,0.0000,0.0000,0.0000,0.4105,0.0000,2.5640
1317,3.4974,3.5531,41422,1,0,2081,48,704458,0.0055,0.0000,0.0000,0.0000,0.0632,0.0000,0.0000,0.0000,0.0000,0.0000,0.0000,0.4099,0.0000,2.5968
1318,3.7117,3.4624,41422,1,0,2081,48,704458,0.0055,0.0000,0.0000,0.0000,0.0603,0.0000,0.0000,0.0000,0.0000,0.0000,0.0000,0.4491,0.0000,2.6028
1319,3.6527,3.7590,41422,1,0,2081,48,704458,0.0062,0.0000,0.0000,0.0000,0.0706,0.0000,0.0000,0.0000,0.0000,0.0000,0.0000,0.4806,0.0000,2.8053
1320,3.5261,3.5658,41422,1,0,2081,48,704458,0.0055,0.0000,0.0000,0.0000,0.0658,0.0000,0.0000,0.0000,0.0000,0.0000,0.0000,0.3680,0.0000,2.5841
1321,3.4694,3.5754,41422,1,0,2081,48,704458,0.0048,0.0000,0.0000,0.0000,0.0640,0.0000,0.0000,0.0000,0.0000,0.0000,0.0000,0.4359,0.0000,2.6893
1322,3.1166,3.3275,41422,1,0,2081,48,704458,0.0050,0.0000,0.0000,0.0000,0.0608,0.0000,0.0000,0.0000,0.0000,0.0000,0.0000,0.3497,0.0000,2.5861
1323,3.9035,3.5370,41422,1,0,2081,48,704458,0.0037,0.0000,0.0000,0.0000,0.0576,0.0000,0.0000,0.0000,0.0000,0.0000,0.0000,0.3557,0.0000,2.3886
1324,3.1126,3.5273,41422,1,0,2081,48,704458,0.0051,0.0000,0.0000,0.0000,0.0687,0.0000,0.0000,0.0000,0.0000,0.0000,0.0000,0.3849,0.0000,2.6931
1325,3.3503,3.1532,41422,1,0,2081,48,704458,0.0048,0.0000,0.0000,0.0000,0.0603,0.0000,0.0000,0.0000,0.0000,0.0000,0.0000,0.3651,0.0000,2.3249
1326,3.4353,3.2955,41422,1,0,2081,48,704458,0.0054,0.0000,0.0000,0.0000,0.0637,0.0000,0.0000,0.0000,0.0000,0.0000,0.0000,0.3676,0.0000,2.4967
1327,3.4452,3.4012,41422,1,0,2081,48,704458,0.0045,0.0000,0.0000,0.0000,0.0972,0.0000,0.0000,0.0000,0.0000,0.0000,0.0000,0.5293,0.0000,2.6293
1328,3.8500,3.7888,41422,1,0,2081,48,704458,0.0050,0.0000,0.0000,0.0000,0.0610,0.0000,0.0000,0.0000,0.0000,0.0000,0.0000,0.4097,0.0000,2.7055
1329,3.3587,3.6919,41422,1,0,2081,48,704458,0.0059,0.0000,0.0000,0.0000,0.0682,0.0000,0.0000,0.0000,0.0000,0.0000,0.0000,0.3852,0.0000,2.6946
1330,3.6310,3.3309,41422,1,0,2081,48,704458,0.0044,0.0000,0.0000,0.0000,0.0594,0.0000,0.0000,0.0000,0.0000,0.0000,0.0000,0.3663,0.0000,2.4404
1331,3.3681,3.5266,41422,1,0,2081,48,704458,0.0065,0.0000,0.0000,0.0000,0.0675,0.0000,0.0000,0.0000,0.0000,0.0000,0.0000,0.3990,0.0000,2.6655
1332,4.5951,3.9491,41422,1,0,2081,48,704458,0.0049,0.0000,0.0000,0.0000,0.0615,0.0000,0.0000,0.0000,0.0000,0.0000,0.0000,0.3612,0.0000,2.5817
1333,4.1651,4.0956,41422,1,0,2081,48,704458,0.0066,0.0000,0.0000,0.0000,0.0759,0.0000,0.0000,0.0000,0.0000,0.0000,0.0000,0.6668,0.0000,3.1937
1334,3.6797,4.2191,41422,1,0,2081,48,704458,0.0052,0.0000,0.0000,0.0000,0.0948,0.0000,0.0000,0.0000,0.0000,0.0000,0.0000,0.3843,0.0000,3.2382
1335,3.1054,3.5942,41422,1,0,2081,48,704458,0.0057,0.0000,0.0000,0.0000,0.0677,0.0000,0.0000,0.0000,0.0000,0.0000,0.0000,0.3804,0.0000,2.7185
1336,3.4407,3.0279,41422,1,0,2081,48,704458,0.0051,0.0000,0.0000,0.0000,0.0611,0.0000,0.0000,0.0000,0.0000,0.0000,0.0000,0.3275,0.0000,2.2601
1337,3.6495,3.6341,41422,1,0,2081,48,704458,0.0047,0.0000,0.0000,0.0000,0.0607,0.0000,0.0000,0.0000,0.0000,0.0000,0.0000,0.4584,0.0000,2.7027
1338,3.0683,3.4743,41422,1,0,2081,48,704458,0.0047,0.0000,0.0000,0.0000,0.0721,0.0000,0.0000,0.0000,0.0000,0.0000,0.0000,0.3541,0.0000,2.6468
1339,3.4493,3.0215,41422,1,0,2081,48,704458,0.0039,0.0000,0.0000,0.0000,0.0593,0.0000,0.0000,0.0000,0.0000,0.0000,0.0000,0.3669,0.0000,2.2253
1340,3.3628,3.4778,41422,1,0,2081,48,704458,0.0045,0.0000,0.0000,0.0000,0.0623,0.0000,0.0000,0.0000,0.0000,0.0000,0.0000,0.4882,0.0000,2.7507
1341,3.3084,3.4094,41422,1,0,2081,48,704458,0.0047,0.0000,0.0000,0.0000,0.0601,0.0000,0.0000,0.0000,0.0000,0.0000,0.0000,0.3858,0.0000,2.5990
1342,3.4077,3.3518,41422,1,0,2081,48,704458,0.0055,0.0000,0.0000,0.0000,0.0639,0.0000,0.0000,0.0000,0.0000,0.0000,0.0000,0.3988,0.0000,2.5102
1343,11.5606,3.3023,41422,1,0,2081,48,704458,0.0054,0.0000,0.0000,0.0000,0.0638,0.0000,0.0000,0.0000,0.0000,0.0000,0.0000,0.4431,0.0000,2.5241
1344,3.7860,11.6706,41422,1,0,2081,48,704458,0.0056,0.0000,0.0000,0.0000,0.0746,0.0000,0.0000,0.0000,0.0000,0.0000,0.0000,0.4739,0.0000,3.2668
1345,3.2265,3.6899,41422,1,0,2081,48,704458,0.0063,0.0000,0.0000,0.0000,0.0784,0.0000,0.0000,0.0000,0.0000,0.0000,0.0000,0.4281,0.0000,2.8286
1346,3.4400,3.2601,41422,1,0,2081,48,704458,0.0054,0.0000,0.0000,0.0000,0.0614,0.0000,0.0000,0.0000,0.0000,0.0000,0.0000,0.3995,0.0000,2.4466
1347,3.7419,3.4836,41422,1,0,2081,48,704458,0.0055,0.0000,0.0000,0.0000,0.0609,0.0000,0.0000,0.0000,0.0000,0.0000,0.0000,0.4036,0.0000,2.7141
1348,3.1599,3.7106,41422,1,0,2081,48,704458,0.0060,0.0000,0.0000,0.0000,0.0696,0.0000,0.0000,0.0000,0.0000,0.0000,0.0000,0.3703,0.0000,2.6361
1349,4.0510,3.1486,41422,1,0,2081,48,704458,0.0039,0.0000,0.0000,0.0000,0.0614,0.0000,0.0000,0.0000,0.0000,0.0000,0.0000,0.5102,0.0000,2.3747
1350,3.4076,4.0738,41422,1,0,2081,48,704458,0.0263,0.0000,0.0000,0.0000,0.0732,0.0000,0.0000,0.0000,0.0000,0.0000,0.0000,0.3789,0.0000,3.1686
1351,3.8345,3.3720,41422,1,0,2081,48,704458,0.0047,0.0000,0.0000,0.0000,0.0619,0.0000,0.0000,0.0000,0.0000,0.0000,0.0000,0.3617,0.0000,2.5910
1352,3.3225,3.8359,41422,1,0,2081,48,704458,0.0057,0.0000,0.0000,0.0000,0.2355,0.0000,0.0000,0.0000,0.0000,0.0000,0.0000,0.3725,0.0000,2.9910
1353,3.3753,3.3600,41422,1,0,2081,48,704458,0.0053,0.0000,0.0000,0.0000,0.0598,0.0000,0.0000,0.0000,0.0000,0.0000,0.0000,0.3414,0.0000,2.5255
1354,3.5037,3.3433,41422,1,0,2081,48,704458,0.0055,0.0000,0.0000,0.0000,0.0639,0.0000,0.0000,0.0000,0.0000,0.0000,0.0000,0.3854,0.0000,2.5057
1355,3.0829,3.5339,41422,1,0,2081,48,704458,0.0051,0.0000,0.0000,0.0000,0.0605,0.0000,0.0000,0.0000,0.0000,0.0000,0.0000,0.4684,0.0000,2.7108
1356,4.4618,3.0311,41422,1,0,2081,48,704458,0.0054,0.0000,0.0000,0.0000,0.0596,0.0000,0.0000,0.0000,0.0000,0.0000,0.0000,0.5038,0.0000,2.2853
1357,3.3324,4.5227,41422,1,0,2081,48,704458,0.0056,0.0000,0.0000,0.0000,0.0718,0.0000,0.0000,0.0000,0.0000,0.0000,0.0000,0.3642,0.0000,3.6122
1358,3.8384,3.2390,41422,1,0,2081,48,704458,0.0048,0.0000,0.0000,0.0000,0.0618,0.0000,0.0000,0.0000,0.0000,0.0000,0.0000,0.5270,0.0000,2.5026
1359,3.3721,3.9828,41422,1,0,2081,48,704458,0.0061,0.0000,0.0000,0.0000,0.0710,0.0000,0.0000,0.0000,0.0000,0.0000,0.0000,0.3967,0.0000,3.0326
1360,3.8289,3.4592,41422,1,0,2081,48,704458,0.0052,0.0000,0.0000,0.0000,0.0646,0.0000,0.0000,0.0000,0.0000,0.0000,0.0000,0.3523,0.0000,2.4900
1361,3.6502,3.7212,41422,1,0,2081,48,704458,0.0051,0.0000,0.0000,0.0000,0.0632,0.0000,0.0000,0.0000,0.0000,0.0000,0.0000,0.4211,0.0000,2.8835
1362,3.0384,3.5184,41422,1,0,2081,48,704458,0.0049,0.0000,0.0000,0.0000,0.0620,0.0000,0.0000,0.0000,0.0000,0.0000,0.0000,0.3526,0.0000,2.7433
1363,3.5370,3.1928,41422,1,0,2081,48,704458,0.0044,0.0000,0.0000,0.0000,0.0652,0.0000,0.0000,0.0000,0.0000,0.0000,0.0000,0.3477,0.0000,2.3433
1364,3.1660,3.4522,41422,1,0,2081,48,704458,0.0054,0.0000,0.0000,0.0000,0.0634,0.0000,0.0000,0.0000,0.0000,0.0000,0.0000,0.3594,0.0000,2.6355
1365,3.1064,3.1017,41422,1,0,2081,48,704458,0.0054,0.0000,0.0000,0.0000,0.0588,0.0000,0.0000,0.0000,0.0000,0.0000,0.0000,0.3240,0.0000,2.4517
1366,3.2990,3.2997,41422,1,0,2081,48,704458,0.0048,0.0000,0.0000,0.0000,0.0626,0.0000,0.0000,0.0000,0.0000,0.0000,0.0000,0.3920,0.0000,2.3681
1367,3.0247,3.1318,41422,1,0,2081,48,704458,0.0053,0.0000,0.0000,0.0000,0.0617,0.0000,0.0000,0.0000,0.0000,0.0000,0.0000,0.3414,0.0000,2.3732
1368,3.4528,3.0507,41422,1,0,2081,48,704458,0.0044,0.0000,0.0000,0.0000,0.0597,0.0000,0.0000,0.0000,0.0000,0.0000,0.0000,0.3055,0.0000,2.2758
1369,3.2606,3.4309,41422,1,0,2081,48,704458,0.0056,0.0000,0.0000,0.0000,0.0734,0.0000,0.0000,0.0000,0.0000,0.0000,0.0000,0.3947,0.0000,2.6242
1370,3.2410,3.2319,41422,1,0,2081,48,704458,0.0048,0.0000,0.0000,0.0000,0.0619,0.0000,0.0000,0.0000,0.0000,0.0000,0.0000,0.3700,0.0000,2.4095
1371,3.2891,3.3193,41422,1,0,2081,48,704458,0.0046,0.0000,0.0000,0.0000,0.0598,0.0000,0.0000,0.0000,0.0000,0.0000,0.0000,0.4038,0.0000,2.5174
1372,3.0174,3.2110,41422,1,0,2081,48,704458,0.0051,0.0000,0.0000,0.0000,0.0635,0.0000,0.0000,0.0000,0.0000,0.0000,0.0000,0.3614,0.0000,2.4361
1373,4.3221,3.0217,41422,1,0,2081,48,704458,0.0039,0.0000,0.0000,0.0000,0.0584,0.0000,0.0000,0.0000,0.0000,0.0000,0.0000,0.5427,0.0000,2.2908
1374,3.3751,4.4224,41422,1,0,2081,48,704458,0.0053,0.0000,0.0000,0.0000,0.0659,0.0000,0.0000,0.0000,0.0000,0.0000,0.0000,0.4465,0.0000,3.4257
1375,3.6134,3.3108,41422,1,0,2081,48,704458,0.0048,0.0000,0.0000,0.0000,0.0716,0.0000,0.0000,0.0000,0.0000,0.0000,0.0000,0.3428,0.0000,2.5123
1376,3.4088,3.6638,41422,1,0,2081,48,704458,0.0053,0.0000,0.0000,0.0000,0.0671,0.0000,0.0000,0.0000,0.0000,0.0000,0.0000,0.4315,0.0000,2.8392
1377,3.2855,3.3579,41422,1,0,2081,48,704458,0.0051,0.0000,0.0000,0.0000,0.0658,0.0000,0.0000,0.0000,0.0000,0.0000,0.0000,0.3574,0.0000,2.5450
1378,3.8842,3.3820,41422,1,0,2081,48,704458,0.0044,0.0000,0.0000,0.0000,0.0644,0.0000,0.0000,0.0000,0.0000,0.0000,0.0000,0.3879,0.0000,2.4981
1379,3.6333,3.7718,41422,1,0,2081,48,704458,0.0077,0.0000,0.0000,0.0000,0.0769,0.0000,0.0000,0.0000,0.0000,0.0000,0.0000,0.4672,0.0000,2.9966
1380,3.5567,3.6685,41422,1,0,2081,48,704458,0.0051,0.0000,0.0000,0.0000,0.0656,0.0000,0.0000,0.0000,0.0000,0.0000,0.0000,0.4154,0.0000,2.6098
1381,3.2610,3.5321,41422,1,0,2081,48,704458,0.0052,0.0000,0.0000,0.0000,0.0649,0.0000,0.0000,0.0000,0.0000,0.0000,0.0000,0.3399,0.0000,2.6465
1382,3.3232,3.2262,41422,1,0,2081,48,704458,0.0041,0.0000,0.0000,0.0000,0.0596,0.0000,0.0000,0.0000,0.0000,0.0000,0.0000,0.3346,0.0000,2.4962
1383,3.2296,3.3966,41422,1,0,2081,48,704458,0.0047,0.0000,0.0000,0.0000,0.0606,0.0000,0.0000,0.0000,0.0000,0.0000,0.0000,0.3762,0.0000,2.6085
1384,2.9760,3.1777,41422,1,0,2081,48,704458,0.0052,0.0000,0.0000,0.0000,0.0633,0.0000,0.0000,0.0000,0.0000,0.0000,0.0000,0.3163,0.0000,2.3872
1385,3.3893,2.9560,41422,1,0,2081,48,704458,0.0047,0.0000,0.0000,0.0000,0.0584,0.0000,0.0000,0.0000,0.0000,0.0000,0.0000,0.3054,0.0000,2.2351
1386,3.1384,3.4684,41422,1,0,2081,48,704458,0.0053,0.0000,0.0000,0.0000,0.0675,0.0000,0.0000,0.0000,0.0000,0.0000,0.0000,0.4081,0.0000,2.6424
1387,3.8314,3.0705,41422,1,0,2081,48,704458,0.0044,0.0000,0.0000,0.0000,0.0759,0.0000,0.0000,0.0000,0.0000,0.0000,0.0000,0.5117,0.0000,2.3327
1388,3.4780,3.8996,41422,1,0,2081,48,704458,0.0046,0.0000,0.0000,0.0000,0.0680,0.0000,0.0000,0.0000,0.0000,0.0000,0.0000,0.4879,0.0000,2.8840
1389,3.1254,3.4042,41422,1,0,2081,48,704458,0.0055,0.0000,0.0000,0.0000,0.0668,0.0000,0.0000,0.0000,0.0000,0.0000,0.0000,0.3920,0.0000,2.6153
1390,3.2707,3.1702,41422,1,0,2081,48,704458,0.0047,0.0000,0.0000,0.0000,0.0611,0.0000,0.0000,0.0000,0.0000,0.0000,0.0000,0.3485,0.0000,2.3750
1391,3.0149,3.2764,41422,1,0,2081,48,704458,0.0059,0.0000,0.0000,0.0000,0.0662,0.0000,0.0000,0.0000,0.0000,0.0000,0.0000,0.3683,0.0000,2.4774
1392,3.3296,3.0195,41422,1,0,2081,48,704458,0.0049,0.0000,0.0000,0.0000,0.0614,0.0000,0.0000,0.0000,0.0000,0.0000,0.0000,0.4309,0.0000,2.2334
1393,3.6107,3.3301,41422,1,0,2081,48,704458,0.0051,0.0000,0.0000,0.0000,0.0657,0.0000,0.0000,0.0000,0.0000,0.0000,0.0000,0.4060,0.0000,2.5325
1394,3.3018,3.6195,41422,1,0,2081,48,704458,0.0060,0.0000,0.0000,0.0000,0.0647,0.0000,0.0000,0.0000,0.0000,0.0000,0.0000,0.3896,0.0000,2.7270
1395,3.3102,3.2513,41422,1,0,2081,48,704458,0.0057,0.0000,0.0000,0.0000,0.0611,0.0000,0.0000,0.0000,0.0000,0.0000,0.0000,0.3544,0.0000,2.4966
1396,3.2250,3.2877,41422,1,0,2081,48,704458,0.0056,0.0000,0.0000,0.0000,0.0641,0.0000,0.0000,0.0000,0.0000,0.0000,0.0000,0.3628,0.0000,2.5258
1397,3.4859,3.2133,41422,1,0,2081,48,704458,0.0044,0.0000,0.0000,0.0000,0.0626,0.0000,0.0000,0.0000,0.0000,0.0000,0.0000,0.3315,0.0000,2.3846
1398,3.5232,3.6217,41422,1,0,2081,48,704458,0.0055,0.0000,0.0000,0.0000,0.0612,0.0000,0.0000,0.0000,0.0000,0.0000,0.0000,0.4918,0.0000,2.7834
1399,11.2958,3.4543,41422,1,0,2081,48,704458,0.0054,0.0000,0.0000,0.0000,0.0686,0.0000,0.0000,0.0000,0.0000,0.0000,0.0000,0.3500,0.0000,2.6217
1400,3.7434,11.3842,41422,1,0,2081,48,704458,0.0068,0.0000,0.0000,0.0000,0.0741,0.0000,0.0000,0.0000,0.0000,0.0000,0.0000,0.5143,0.0000,3.1091
1401,3.2570,3.6899,41422,1,0,2081,48,704458,0.0065,0.0000,0.0000,0.0000,0.0678,0.0000,0.0000,0.0000,0.0000,0.0000,0.0000,0.4188,0.0000,2.8183
1402,3.4149,3.1836,41422,1,0,2081,48,704458,0.0061,0.0000,0.0000,0.0000,0.0614,0.0000,0.0000,0.0000,0.0000,0.0000,0.0000,0.3306,0.0000,2.4365
1403,3.4255,3.4776,41422,1,0,2081,48,704458,0.0052,0.0000,0.0000,0.0000,0.0616,0.0000,0.0000,0.0000,0.0000,0.0000,0.0000,0.3808,0.0000,2.6613
1404,3.2559,3.3673,41422,1,0,2081,48,704458,0.0061,0.0000,0.0000,0.0000,0.0643,0.0000,0.0000,0.0000,0.0000,0.0000,0.0000,0.3269,0.0000,2.5952
1405,3.6162,3.2886,41422,1,0,2081,48,704458,0.0052,0.0000,0.0000,0.0000,0.0645,0.0000,0.0000,0.0000,0.0000,0.0000,0.0000,0.3416,0.0000,2.4038
1406,3.3312,3.6686,41422,1,0,2081,48,704458,0.0061,0.0000,0.0000,0.0000,0.0692,0.0000,0.0000,0.0000,0.0000,0.0000,0.0000,0.3940,0.0000,2.7962
1407,3.4829,3.2560,41422,1,0,2081,48,704458,0.0055,0.0000,0.0000,0.0000,0.0614,0.0000,0.0000,0.0000,0.0000,0.0000,0.0000,0.3588,0.0000,2.5140
1408,3.6393,3.5160,41422,1,0,2081,48,704458,0.0046,0.0000,0.0000,0.0000,0.0624,0.0000,0.0000,0.0000,0.0000,0.0000,0.0000,0.3845,0.0000,2.7008
1409,3.1450,3.6348,41422,1,0,2081,48,704458,0.0050,0.0000,0.0000,0.0000,0.0657,0.0000,0.0000,0.0000,0.0000,0.0000,0.0000,0.3449,0.0000,2.7888
1410,3.3847,3.1893,41422,1,0,2081,48,704458,0.0042,0.0000,0.0000,0.0000,0.0586,0.0000,0.0000,0.0000,0.0000,0.0000,0.0000,0.3651,0.0000,2.3709
1411,3.1265,3.2872,41422,1,0,2081,48,704458,0.0051,0.0000,0.0000,0.0000,0.0658,0.0000,0.0000,0.0000,0.0000,0.0000,0.0000,0.3471,0.0000,2.5254
1412,3.8687,3.1308,41422,1,0,2081,48,704458,0.0051,0.0000,0.0000,0.0000,0.0600,0.0000,0.0000,0.0000,0.0000,0.0000,0.0000,0.3346,0.0000,2.3883
1413,3.2246,3.9329,41422,1,0,2081,48,704458,0.0058,0.0000,0.0000,0.0000,0.0639,0.0000,0.0000,0.0000,0.0000,0.0000,0.0000,0.4118,0.0000,2.9066
1414,3.2509,3.1564,41422,1,0,2081,48,704458,0.0049,0.0000,0.0000,0.0000,0.0604,0.0000,0.0000,0.0000,0.0000,0.0000,0.0000,0.4022,0.0000,2.4097
1415,3.5538,3.3005,41422,1,0,2081,48,704458,0.0045,0.0000,0.0000,0.0000,0.0583,0.0000,0.0000,0.0000,0.0000,0.0000,0.0000,0.4083,0.0000,2.5297
1416,3.2950,3.5517,41422,1,0,2081,48,704458,0.0055,0.0000,0.0000,0.0000,0.0750,0.0000,0.0000,0.0000,0.0000,0.0000,0.0000,0.4104,0.0000,2.6376
1417,3.3190,3.2701,41422,1,0,2081,48,704458,0.0048,0.0000,0.0000,0.0000,0.0621,0.0000,0.0000,0.0000,0.0000,0.0000,0.0000,0.3439,0.0000,2.4782
1418,3.0821,3.3022,41422,1,0,2081,48,704458,0.0050,0.0000,0.0000,0.0000,0.0770,0.0000,0.0000,0.0000,0.0000,0.0000,0.0000,0.3992,0.0000,2.5429
1419,3.0269,3.0765,41422,1,0,2081,48,704458,0.0048,0.0000,0.0000,0.0000,0.0607,0.0000,0.0000,0.0000,0.0000,0.0000,0.0000,0.3964,0.0000,2.3222
1420,3.3820,3.0757,41422,1,0,2081,48,704458,0.0040,0.0000,0.0000,0.0000,0.0579,0.0000,0.0000,0.0000,0.0000,0.0000,0.0000,0.3495,0.0000,2.3110
1421,3.3442,3.3296,41422,1,0,2081,48,704458,0.0050,0.0000,0.0000,0.0000,0.0640,0.0000,0.0000,0.0000,0.0000,0.0000,0.0000,0.3347,0.0000,2.5676
1422,3.4648,3.3354,41422,1,0,2081,48,704458,0.0054,0.0000,0.0000,0.0000,0.0773,0.0000,0.0000,0.0000,0.0000,0.0000,0.0000,0.3646,0.0000,2.4952
1423,3.3298,3.5579,41422,1,0,2081,48,704458,0.0056,0.0000,0.0000,0.0000,0.0617,0.0000,0.0000,0.0000,0.0000,0.0000,0.0000,0.4181,0.0000,2.7355
1424,3.6350,3.2734,41422,1,0,2081,48,704458,0.0051,0.0000,0.0000,0.0000,0.0610,0.0000,0.0000,0.0000,0.0000,0.0000,0.0000,0.3200,0.0000,2.5004
1425,3.8008,3.7441,41422,1,0,2081,48,704458,0.0053,0.0000,0.0000,0.0000,0.0588,0.0000,0.0000,0.0000,0.0000,0.0000,0.0000,0.4210,0.0000,2.8781
1426,3.7273,3.8998,41422,1,0,2081,48,704458,0.0062,0.0000,0.0000,0.0000,0.0746,0.0000,0.0000,0.0000,0.0000,0.0000,0.0000,0.5687,0.0000,2.8420
1427,3.4490,3.5776,41422,1,0,2081,48,704458,0.0052,0.0000,0.0000,0.0000,0.0625,0.0000,0.0000,0.0000,0.0000,0.0000,0.0000,0.4713,0.0000,2.6754
1428,3.1911,3.4891,41422,1,0,2081,48,704458,0.0060,0.0000,0.0000,0.0000,0.0684,0.0000,0.0000,0.0000,0.0000,0.0000,0.0000,0.3866,0.0000,2.5632
1429,3.1344,3.0823,41422,1,0,2081,48,704458,0.0053,0.0000,0.0000,0.0000,0.0608,0.0000,0.0000,0.0000,0.0000,0.0000,0.0000,0.4380,0.0000,2.3006
1430,3.5665,3.3907,41422,1,0,2081,48,704458,0.0041,0.0000,0.0000,0.0000,0.0601,0.0000,0.0000,0.0000,0.0000,0.0000,0.0000,0.4161,0.0000,2.3417
1431,3.4016,3.4026,41422,1,0,2081,48,704458,0.0053,0.0000,0.0000,0.0000,0.0624,0.0000,0.0000,0.0000,0.0000,0.0000,0.0000,0.4099,0.0000,2.4859
1432,3.6382,3.4164,41422,1,0,2081,48,704458,0.0042,0.0000,0.0000,0.0000,0.0684,0.0000,0.0000,0.0000,0.0000,0.0000,0.0000,0.4146,0.0000,2.5554
1433,3.3582,3.7441,41422,1,0,2081,48,704458,0.0057,0.0000,0.0000,0.0000,0.0652,0.0000,0.0000,0.0000,0.0000,0.0000,0.0000,0.4347,0.0000,2.7413
1434,3.4953,3.2183,41422,1,0,2081,48,704458,0.0048,0.0000,0.0000,0.0000,0.0607,0.0000,0.0000,0.0000,0.0000,0.0000,0.0000,0.3638,0.0000,2.3728
1435,3.7722,3.7342,41422,1,0,2081,48,704458,0.0047,0.0000,0.0000,0.0000,0.0652,0.0000,0.0000,0.0000,0.0000,0.0000,0.0000,0.4081,0.0000,2.6889
1436,3.3206,3.4535,41422,1,0,2081,48,704458,0.0050,0.0000,0.0000,0.0000,0.1108,0.0000,0.0000,0.0000,0.0000,0.0000,0.0000,0.3767,0.0000,2.7040
1437,3.5260,3.4321,41422,1,0,2081,48,704458,0.0053,0.0000,0.0000,0.0000,0.0599,0.0000,0.0000,0.0000,0.0000,0.0000,0.0000,0.5325,0.0000,2.5799
1438,3.2392,3.5795,41422,1,0,2081,48,704458,0.0042,0.0000,0.0000,0.0000,0.0630,0.0000,0.0000,0.0000,0.0000,0.0000,0.0000,0.3844,0.0000,2.5911
1439,3.6262,3.0891,41422,1,0,2081,48,704458,0.0043,0.0000,0.0000,0.0000,0.0693,0.0000,0.0000,0.0000,0.0000,0.0000,0.0000,0.5295,0.0000,2.3352
1440,3.7388,3.6219,41422,1,0,2081,48,704458,0.0060,0.0000,0.0000,0.0000,0.0760,0.0000,0.0000,0.0000,0.0000,0.0000,0.0000,0.6469,0.0000,2.6793
1441,3.6469,3.9384,41422,1,0,2081,48,704458,0.0044,0.0000,0.0000,0.0000,0.0614,0.0000,0.0000,0.0000,0.0000,0.0000,0.0000,0.5261,0.0000,2.9202
1442,3.3743,3.4577,41422,1,0,2081,48,704458,0.0052,0.0000,0.0000,0.0000,0.0640,0.0000,0.0000,0.0000,0.0000,0.0000,0.0000,0.4124,0.0000,2.6857
1443,3.7727,3.5021,41422,1,0,2081,48,704458,0.0052,0.0000,0.0000,0.0000,0.0668,0.0000,0.0000,0.0000,0.0000,0.0000,0.0000,0.3404,0.0000,2.4042
1444,3.7055,3.8259,41422,1,0,2081,48,704458,0.0050,0.0000,0.0000,0.0000,0.0625,0.0000,0.0000,0.0000,0.0000,0.0000,0.0000,0.4589,0.0000,2.8216
1445,3.0888,3.5359,41422,1,0,2081,48,704458,0.0047,0.0000,0.0000,0.0000,0.0682,0.0000,0.0000,0.0000,0.0000,0.0000,0.0000,0.3914,0.0000,2.6870
1446,3.5164,3.2447,41422,1,0,2081,48,704458,0.0051,0.0000,0.0000,0.0000,0.0635,0.0000,0.0000,0.0000,0.0000,0.0000,0.0000,0.3198,0.0000,2.3007
1447,3.4949,3.3981,41422,1,0,2081,48,704458,0.0053,0.0000,0.0000,0.0000,0.0651,0.0000,0.0000,0.0000,0.0000,0.0000,0.0000,0.4588,0.0000,2.5533
1448,3.3671,3.5372,41422,1,0,2081,48,704458,0.0051,0.0000,0.0000,0.0000,0.0658,0.0000,0.0000,0.0000,0.0000,0.0000,0.0000,0.3888,0.0000,2.5970
1449,3.3602,3.3508,41422,1,0,2081,48,704458,0.0065,0.0000,0.0000,0.0000,0.0649,0.0000,0.0000,0.0000,0.0000,0.0000,0.0000,0.3633,0.0000,2.4964
1450,3.3224,3.3427,41422,1,0,2081,48,704458,0.0054,0.0000,0.0000,0.0000,0.0639,0.0000,0.0000,0.0000,0.0000,0.0000,0.0000,0.3709,0.0000,2.4860
1451,3.7608,3.3414,41422,1,0,2081,48,704458,0.0053,0.0000,0.0000,0.0000,0.0766,0.0000,0.0000,0.0000,0.0000,0.0000,0.0000,0.3641,0.0000,2.5244
1452,3.2816,3.7042,41422,1,0,2081,48,704458,0.0046,0.0000,0.0000,0.0000,0.0626,0.0000,0.0000,0.0000,0.0000,0.0000,0.0000,0.3802,0.0000,2.9018
1453,3.7013,3.4318,41422,1,0,2081,48,704458,0.0050,0.0000,0.0000,0.0000,0.0619,0.0000,0.0000,0.0000,0.0000,0.0000,0.0000,0.3603,0.0000,2.4981
1454,3.3859,3.5680,41422,1,0,2081,48,704458,0.0052,0.0000,0.0000,0.0000,0.0636,0.0000,0.0000,0.0000,0.0000,0.0000,0.0000,0.4381,0.0000,2.7213
1455,11.3272,3.4820,41422,1,0,2081,48,704458,0.0050,0.0000,0.0000,0.0000,0.0741,0.0000,0.0000,0.0000,0.0000,0.0000,0.0000,0.3487,0.0000,2.5669
1456,3.8745,11.3205,41422,1,0,2081,48,704458,0.0070,0.0000,0.0000,0.0000,0.0736,0.0000,0.0000,0.0000,0.0000,0.0000,0.0000,0.5187,0.0000,3.0271
1457,3.8305,3.9556,41422,1,0,2081,48,704458,0.0060,0.0000,0.0000,0.0000,0.0730,0.0000,0.0000,0.0000,0.0000,0.0000,0.0000,0.3864,0.0000,2.9525
1458,3.6880,3.6625,41422,1,0,2081,48,704458,0.0056,0.0000,0.0000,0.0000,0.0704,0.0000,0.0000,0.0000,0.0000,0.0000,0.0000,0.4241,0.0000,2.7873
1459,3.4159,3.7935,41422,1,0,2081,48,704458,0.0058,0.0000,0.0000,0.0000,0.0717,0.0000,0.0000,0.0000,0.0000,0.0000,0.0000,0.4042,0.0000,2.8232
1460,3.4358,3.3548,41422,1,0,2081,48,704458,0.0056,0.0000,0.0000,0.0000,0.0630,0.0000,0.0000,0.0000,0.0000,0.0000,0.0000,0.3661,0.0000,2.4820
1461,3.6276,3.5075,41422,1,0,2081,48,704458,0.0053,0.0000,0.0000,0.0000,0.0636,0.0000,0.0000,0.0000,0.0000,0.0000,0.0000,0.4258,0.0000,2.6025
1462,3.4553,3.5204,41422,1,0,2081,48,704458,0.0053,0.0000,0.0000,0.0000,0.0844,0.0000,0.0000,0.0000,0.0000,0.0000,0.0000,0.3618,0.0000,2.6935
1463,3.6645,3.5482,41422,1,0,2081,48,704458,0.0068,0.0000,0.0000,0.0000,0.0652,0.0000,0.0000,0.0000,0.0000,0.0000,0.0000,0.3981,0.0000,2.5521
1464,3.2125,3.6273,41422,1,0,2081,48,704458,0.0054,0.0000,0.0000,0.0000,0.0655,0.0000,0.0000,0.0000,0.0000,0.0000,0.0000,0.3718,0.0000,2.7163
1465,3.2938,3.1417,41422,1,0,2081,48,704458,0.0054,0.0000,0.0000,0.0000,0.0600,0.0000,0.0000,0.0000,0.0000,0.0000,0.0000,0.3800,0.0000,2.3589
1466,3.2817,3.3955,41422,1,0,2081,48,704458,0.0049,0.0000,0.0000,0.0000,0.0631,0.0000,0.0000,0.0000,0.0000,0.0000,0.0000,0.3679,0.0000,2.5007
1467,3.5471,3.1055,41422,1,0,2081,48,704458,0.0044,0.0000,0.0000,0.0000,0.0633,0.0000,0.0000,0.0000,0.0000,0.0000,0.0000,0.4700,0.0000,2.3786
1468,3.8753,3.8058,41422,1,0,2081,48,704458,0.0045,0.0000,0.0000,0.0000,0.0676,0.0000,0.0000,0.0000,0.0000,0.0000,0.0000,0.4227,0.0000,2.7607
1469,3.2880,3.6534,41422,1,0,2081,48,704458,0.0064,0.0000,0.0000,0.0000,0.0692,0.0000,0.0000,0.0000,0.0000,0.0000,0.0000,0.3514,0.0000,2.7905
1470,3.7222,3.2924,41422,1,0,2081,48,704458,0.0050,0.0000,0.0000,0.0000,0.0616,0.0000,0.0000,0.0000,0.0000,0.0000,0.0000,0.4757,0.0000,2.5158
1471,3.5061,3.8291,41422,1,0,2081,48,704458,0.0067,0.0000,0.0000,0.0000,0.0750,0.0000,0.0000,0.0000,0.0000,0.0000,0.0000,0.4171,0.0000,2.9208
1472,3.8742,3.4180,41422,1,0,2081,48,704458,0.0055,0.0000,0.0000,0.0000,0.0640,0.0000,0.0000,0.0000,0.0000,0.0000,0.0000,0.3795,0.0000,2.5931
1473,3.5195,4.0629,41422,1,0,2081,48,704458,0.0064,0.0000,0.0000,0.0000,0.0697,0.0000,0.0000,0.0000,0.0000,0.0000,0.0000,0.5618,0.0000,3.0296
1474,3.2383,3.3748,41422,1,0,2081,48,704458,0.0055,0.0000,0.0000,0.0000,0.0645,0.0000,0.0000,0.0000,0.0000,0.0000,0.0000,0.3520,0.0000,2.5048
1475,3.6954,3.2781,41422,1,0,2081,48,704458,0.0040,0.0000,0.0000,0.0000,0.0568,0.0000,0.0000,0.0000,0.0000,0.0000,0.0000,0.4056,0.0000,2.4116
1476,3.2584,3.6464,41422,1,0,2081,48,704458,0.0053,0.0000,0.0000,0.0000,0.0652,0.0000,0.0000,0.0000,0.0000,0.0000,0.0000,0.3581,0.0000,2.7804
1477,3.5732,3.3840,41422,1,0,2081,48,704458,0.0047,0.0000,0.0000,0.0000,0.0620,0.0000,0.0000,0.0000,0.0000,0.0000,0.0000,0.3867,0.0000,2.4480
1478,3.1585,3.5048,41422,1,0,2081,48,704458,0.0054,0.0000,0.0000,0.0000,0.0634,0.0000,0.0000,0.0000,0.0000,0.0000,0.0000,0.3381,0.0000,2.5964
1479,3.3181,3.0176,41422,1,0,2081,48,704458,0.0048,0.0000,0.0000,0.0000,0.0585,0.0000,0.0000,0.0000,0.0000,0.0000,0.0000,0.4426,0.0000,2.2807
1480,3.5578,3.3793,41422,1,0,2081,48,704458,0.0049,0.0000,0.0000,0.0000,0.0631,0.0000,0.0000,0.0000,0.0000,0.0000,0.0000,0.4778,0.0000,2.4448
1481,3.5517,3.7640,41422,1,0,2081,48,704458,0.0050,0.0000,0.0000,0.0000,0.0854,0.0000,0.0000,0.0000,0.0000,0.0000,0.0000,0.3905,0.0000,2.6767
1482,3.4719,3.4327,41422,1,0,2081,48,704458,0.0048,0.0000,0.0000,0.0000,0.0805,0.0000,0.0000,0.0000,0.0000,0.0000,0.0000,0.4280,0.0000,2.5414
1483,3.1170,3.4049,41422,1,0,2081,48,704458,0.0053,0.0000,0.0000,0.0000,0.0665,0.0000,0.0000,0.0000,0.0000,0.0000,0.0000,0.3631,0.0000,2.5376
1484,3.3739,3.2531,41422,1,0,2081,48,704458,0.0050,0.0000,0.0000,0.0000,0.0756,0.0000,0.0000,0.0000,0.0000,0.0000,0.0000,0.4209,0.0000,2.2835
1485,3.4292,3.1776,41422,1,0,2081,48,704458,0.0046,0.0000,0.0000,0.0000,0.0614,0.0000,0.0000,0.0000,0.0000,0.0000,0.0000,0.3886,0.0000,2.4468
1486,3.1249,3.4112,41422,1,0,2081,48,704458,0.0052,0.0000,0.0000,0.0000,0.0631,0.0000,0.0000,0.0000,0.0000,0.0000,0.0000,0.3498,0.0000,2.4810
1487,3.5138,3.1700,41422,1,0,2081,48,704458,0.0050,0.0000,0.0000,0.0000,0.0578,0.0000,0.0000,0.0000,0.0000,0.0000,0.0000,0.3330,0.0000,2.3615
1488,3.1638,3.5335,41422,1,0,2081,48,704458,0.0056,0.0000,0.0000,0.0000,0.0608,0.0000,0.0000,0.0000,0.0000,0.0000,0.0000,0.3695,0.0000,2.7121
1489,3.8026,3.2031,41422,1,0,2081,48,704458,0.0047,0.0000,0.0000,0.0000,0.1237,0.0000,0.0000,0.0000,0.0000,0.0000,0.0000,0.4875,0.0000,2.3699
1490,3.3814,3.7938,41422,1,0,2081,48,704458,0.0043,0.0000,0.0000,0.0000,0.0619,0.0000,0.0000,0.0000,0.0000,0.0000,0.0000,0.5781,0.0000,2.9713
1491,3.3511,3.5329,41422,1,0,2081,48,704458,0.0050,0.0000,0.0000,0.0000,0.0671,0.0000,0.0000,0.0000,0.0000,0.0000,0.0000,0.3576,0.0000,2.5082
1492,3.5051,3.1571,41422,1,0,2081,48,704458,0.0042,0.0000,0.0000,0.0000,0.0609,0.0000,0.0000,0.0000,0.0000,0.0000,0.0000,0.5585,0.0000,2.3718
1493,3.1732,3.4397,41422,1,0,2081,48,704458,0.0052,0.0000,0.0000,0.0000,0.0619,0.0000,0.0000,0.0000,0.0000,0.0000,0.0000,0.4162,0.0000,2.6300
1494,3.8783,3.4745,41422,1,0,2081,48,704458,0.0049,0.0000,0.0000,0.0000,0.0596,0.0000,0.0000,0.0000,0.0000,0.0000,0.0000,0.3528,0.0000,2.4360
1495,3.1300,3.6179,41422,1,0,2081,48,704458,0.0049,0.0000,0.0000,0.0000,0.0657,0.0000,0.0000,0.0000,0.0000,0.0000,0.0000,0.4260,0.0000,2.8367
1496,3.3490,3.2179,41422,1,0,2081,48,704458,0.0050,0.0000,0.0000,0.0000,0.0615,0.0000,0.0000,0.0000,0.0000,0.0000,0.0000,0.3550,0.0000,2.3367
1497,3.7606,3.5570,41422,1,0,2081,48,704458,0.0054,0.0000,0.0000,0.0000,0.0586,0.0000,0.0000,0.0000,0.0000,0.0000,0.0000,0.3737,0.0000,2.5069
1498,3.2576,3.5182,41422,1,0,2081,48,704458,0.0059,0.0000,0.0000,0.0000,0.0864,0.0000,0.0000,0.0000,0.0000,0.0000,0.0000,0.3845,0.0000,2.6864
1499,4.0637,3.3174,41422,1,0,2081,48,704458,0.0050,0.0000,0.0000,0.0000,0.0586,0.0000,0.0000,0.0000,0.0000,0.0000,0.0000,0.3509,0.0000,2.4476
1500,4.1294,4.6380,41422,1,0,2081,48,704458,0.0065,0.0000,0.0000,0.0000,0.1171,0.0000,0.0000,0.0000,0.0000,0.0000,0.0000,0.5612,0.0000,3.5287
1501,3.4528,3.4415,41422,1,0,2081,48,704458,0.0054,0.0000,0.0000,0.0000,0.0673,0.0000,0.0000,0.0000,0.0000,0.0000,0.0000,0.3978,0.0000,2.6438
1502,3.4933,3.7057,41422,1,0,2081,48,704458,0.0055,0.0000,0.0000,0.0000,0.0663,0.0000,0.0000,0.0000,0.0000,0.0000,0.0000,0.4513,0.0000,2.6572
1503,3.4084,3.2492,41422,1,0,2081,48,704458,0.0056,0.0000,0.0000,0.0000,0.0659,0.0000,0.0000,0.0000,0.0000,0.0000,0.0000,0.3538,0.0000,2.4556
1504,3.5104,3.5453,41422,1,0,2081,48,704458,0.0055,0.0000,0.0000,0.0000,0.0680,0.0000,0.0000,0.0000,0.0000,0.0000,0.0000,0.4448,0.0000,2.6181
1505,3.7918,3.4145,41422,1,0,2081,48,704458,0.0054,0.0000,0.0000,0.0000,0.0640,0.0000,0.0000,0.0000,0.0000,0.0000,0.0000,0.5552,0.0000,2.5622
1506,3.5214,3.9016,41422,1,0,2081,48,704458,0.0049,0.0000,0.0000,0.0000,0.0798,0.0000,0.0000,0.0000,0.0000,0.0000,0.0000,0.4012,0.0000,2.8901
1507,3.2097,3.3456,41422,1,0,2081,48,704458,0.0050,0.0000,0.0000,0.0000,0.0642,0.0000,0.0000,0.0000,0.0000,0.0000,0.0000,0.3597,0.0000,2.5567
1508,3.6199,3.2105,41422,1,0,2081,48,704458,0.0045,0.0000,0.0000,0.0000,0.1743,0.0000,0.0000,0.0000,0.0000,0.0000,0.0000,0.3704,0.0000,2.4429
1509,3.6423,3.9054,41422,1,0,2081,48,704458,0.0060,0.0000,0.0000,0.0000,0.0705,0.0000,0.0000,0.0000,0.0000,0.0000,0.0000,0.4208,0.0000,2.8262
1510,11.3373,3.3476,41422,1,0,2081,48,704458,0.0047,0.0000,0.0000,0.0000,0.0642,0.0000,0.0000,0.0000,0.0000,0.0000,0.0000,0.3829,0.0000,2.5745
1511,4.1864,11.7652,41422,1,0,2081,48,704458,0.0083,0.0000,0.0000,0.0000,0.0793,0.0000,0.0000,0.0000,0.0000,0.0000,0.0000,0.5429,0.0000,3.1833
1512,3.4585,3.9129,41422,1,0,2081,48,704458,0.0069,0.0000,0.0000,0.0000,0.0806,0.0000,0.0000,0.0000,0.0000,0.0000,0.0000,0.3774,0.0000,2.9261
1513,3.6507,3.3588,41422,1,0,2081,48,704458,0.0057,0.0000,0.0000,0.0000,0.0620,0.0000,0.0000,0.0000,0.0000,0.0000,0.0000,0.3838,0.0000,2.5399
1514,3.4958,3.8399,41422,1,0,2081,48,704458,0.0057,0.0000,0.0000,0.0000,0.0701,0.0000,0.0000,0.0000,0.0000,0.0000,0.0000,0.3918,0.0000,2.7690
1515,4.6183,3.2554,41422,1,0,2081,48,704458,0.0058,0.0000,0.0000,0.0000,0.0676,0.0000,0.0000,0.0000,0.0000,0.0000,0.0000,0.6863,0.0000,2.4865
1516,4.7461,4.9776,41422,1,0,2081,48,704458,0.0062,0.0000,0.0000,0.0000,0.0725,0.0000,0.0000,0.0000,0.0000,0.0000,0.0000,0.4602,0.0000,3.7875
1517,4.1732,4.5537,41422,1,0,2081,48,704458,0.0064,0.0000,0.0000,0.0000,0.0776,0.0000,0.0000,0.0000,0.0000,0.0000,0.0000,0.7400,0.0000,3.3438
1518,3.5357,4.1693,41422,1,0,2081,48,704458,0.0072,0.0000,0.0000,0.0000,0.0801,0.0000,0.0000,0.0000,0.0000,0.0000,0.0000,0.5963,0.0000,3.1385
1519,3.5106,3.4995,41422,1,0,2081,48,704458,0.0054,0.0000,0.0000,0.0000,0.0627,0.0000,0.0000,0.0000,0.0000,0.0000,0.0000,0.3448,0.0000,2.6096
1520,3.3041,3.5425,41422,1,0,2081,48,704458,0.0063,0.0000,0.0000,0.0000,0.0652,0.0000,0.0000,0.0000,0.0000,0.0000,0.0000,0.3561,0.0000,2.6037
1521,3.4225,3.1688,41422,1,0,2081,48,704458,0.0058,0.0000,0.0000,0.0000,0.0600,0.0000,0.0000,0.0000,0.0000,0.0000,0.0000,0.3336,0.0000,2.3932
1522,3.8458,3.6851,41422,1,0,2081,48,704458,0.0047,0.0000,0.0000,0.0000,0.0604,0.0000,0.0000,0.0000,0.0000,0.0000,0.0000,0.4962,0.0000,2.6623
1523,3.2808,3.5870,41422,1,0,2081,48,704458,0.0058,0.0000,0.0000,0.0000,0.0889,0.0000,0.0000,0.0000,0.0000,0.0000,0.0000,0.3780,0.0000,2.7952
1524,4.2332,3.3011,41422,1,0,2081,48,704458,0.0051,0.0000,0.0000,0.0000,0.0612,0.0000,0.0000,0.0000,0.0000,0.0000,0.0000,0.5143,0.0000,2.4930
1525,3.3171,4.3340,41422,1,0,2081,48,704458,0.0052,0.0000,0.0000,0.0000,0.0795,0.0000,0.0000,0.0000,0.0000,0.0000,0.0000,0.3850,0.0000,3.2399
1526,3.3997,3.2111,41422,1,0,2081,48,704458,0.0053,0.0000,0.0000,0.0000,0.0628,0.0000,0.0000,0.0000,0.0000,0.0000,0.0000,0.3253,0.0000,2.4103
1527,3.2887,3.3817,41422,1,0,2081,48,704458,0.0058,0.0000,0.0000,0.0000,0.0673,0.0000,0.0000,0.0000,0.0000,0.0000,0.0000,0.3956,0.0000,2.5638
1528,3.1401,3.2775,41422,1,0,2081,48,704458,0.0060,0.0000,0.0000,0.0000,0.0602,0.0000,0.0000,0.0000,0.0000,0.0000,0.0000,0.3796,0.0000,2.5205
1529,3.8931,3.4424,41422,1,0,2081,48,704458,0.0046,0.0000,0.0000,0.0000,0.0564,0.0000,0.0000,0.0000,0.0000,0.0000,0.0000,0.3055,0.0000,2.4175
1530,3.8471,3.5786,41422,1,0,2081,48,704458,0.0057,0.0000,0.0000,0.0000,0.0634,0.0000,0.0000,0.0000,0.0000,0.0000,0.0000,0.5291,0.0000,2.7653
1531,3.7499,4.0633,41422,1,0,2081,48,704458,0.0042,0.0000,0.0000,0.0000,0.0616,0.0000,0.0000,0.0000,0.0000,0.0000,0.0000,0.3967,0.0000,3.0185
1532,3.6985,3.6713,41422,1,0,2081,48,704458,0.0055,0.0000,0.0000,0.0000,0.0720,0.0000,0.0000,0.0000,0.0000,0.0000,0.0000,0.5687,0.0000,2.7243
1533,3.7693,3.6105,41422,1,0,2081,48,704458,0.0058,0.0000,0.0000,0.0000,0.0646,0.0000,0.0000,0.0000,0.0000,0.0000,0.0000,0.3799,0.0000,2.7859
1534,3.8411,4.0167,41422,1,0,2081,48,704458,0.0065,0.0000,0.0000,0.0000,0.0706,0.0000,0.0000,0.0000,0.0000,0.0000,0.0000,0.4493,0.0000,2.9315
1535,3.4368,3.5939,41422,1,0,2081,48,704458,0.0079,0.0000,0.0000,0.0000,0.0678,0.0000,0.0000,0.0000,0.0000,0.0000,0.0000,0.3807,0.0000,2.7472
1536,3.2992,3.5375,41422,1,0,2081,48,704458,0.0055,0.0000,0.0000,0.0000,0.0636,0.0000,0.0000,0.0000,0.0000,0.0000,0.0000,0.4063,0.0000,2.6225
1537,3.0860,3.2591,41422,1,0,2081,48,704458,0.0056,0.0000,0.0000,0.0000,0.0640,0.0000,0.0000,0.0000,0.0000,0.0000,0.0000,0.3506,0.0000,2.3995
1538,3.7394,3.0901,41422,1,0,2081,48,704458,0.0048,0.0000,0.0000,0.0000,0.0861,0.0000,0.0000,0.0000,0.0000,0.0000,0.0000,0.3819,0.0000,2.2558
1539,3.2945,3.7380,41422,1,0,2081,48,704458,0.0057,0.0000,0.0000,0.0000,0.0705,0.0000,0.0000,0.0000,0.0000,0.0000,0.0000,0.3600,0.0000,2.6864
1540,3.7229,3.2694,41422,1,0,2081,48,704458,0.0049,0.0000,0.0000,0.0000,0.1676,0.0000,0.0000,0.0000,0.0000,0.0000,0.0000,0.4637,0.0000,2.4632
1541,3.3926,3.6613,41422,1,0,2081,48,704458,0.0051,0.0000,0.0000,0.0000,0.0662,0.0000,0.0000,0.0000,0.0000,0.0000,0.0000,0.3944,0.0000,2.7833
1542,3.5139,3.5992,41422,1,0,2081,48,704458,0.0059,0.0000,0.0000,0.0000,0.0655,0.0000,0.0000,0.0000,0.0000,0.0000,0.0000,0.3782,0.0000,2.4079
1543,4.0712,3.3289,41422,1,0,2081,48,704458,0.0041,0.0000,0.0000,0.0000,0.0594,0.0000,0.0000,0.0000,0.0000,0.0000,0.0000,0.6044,0.0000,2.5425
1544,3.5318,4.0837,41422,1,0,2081,48,704458,0.0354,0.0000,0.0000,0.0000,0.0707,0.0000,0.0000,0.0000,0.0000,0.0000,0.0000,0.5040,0.0000,3.1048
1545,3.4911,3.6322,41422,1,0,2081,48,704458,0.0060,0.0000,0.0000,0.0000,0.0639,0.0000,0.0000,0.0000,0.0000,0.0000,0.0000,0.4881,0.0000,2.6701
1546,3.1635,3.3325,41422,1,0,2081,48,704458,0.0061,0.0000,0.0000,0.0000,0.0688,0.0000,0.0000,0.0000,0.0000,0.0000,0.0000,0.3378,0.0000,2.5521
1547,3.6140,3.1388,41422,1,0,2081,48,704458,0.0056,0.0000,0.0000,0.0000,0.0617,0.0000,0.0000,0.0000,0.0000,0.0000,0.0000,0.4110,0.0000,2.3926
1548,3.3467,3.7415,41422,1,0,2081,48,704458,0.0058,0.0000,0.0000,0.0000,0.0654,0.0000,0.0000,0.0000,0.0000,0.0000,0.0000,0.4209,0.0000,2.8386
1549,3.3848,3.4168,41422,1,0,2081,48,704458,0.0051,0.0000,0.0000,0.0000,0.0784,0.0000,0.0000,0.0000,0.0000,0.0000,0.0000,0.3510,0.0000,2.4291
1550,3.4461,3.2510,41422,1,0,2081,48,704458,0.0047,0.0000,0.0000,0.0000,0.0581,0.0000,0.0000,0.0000,0.0000,0.0000,0.0000,0.4548,0.0000,2.4550
1551,3.5131,3.5872,41422,1,0,2081,48,704458,0.0066,0.0000,0.0000,0.0000,0.0662,0.0000,0.0000,0.0000,0.0000,0.0000,0.0000,0.3822,0.0000,2.6178
1552,3.7710,3.3551,41422,1,0,2081,48,704458,0.0043,0.0000,0.0000,0.0000,0.0581,0.0000,0.0000,0.0000,0.0000,0.0000,0.0000,0.3355,0.0000,2.5246
1553,3.3335,3.7817,41422,1,0,2081,48,704458,0.0055,0.0000,0.0000,0.0000,0.0668,0.0000,0.0000,0.0000,0.0000,0.0000,0.0000,0.4766,0.0000,2.9623
1554,3.4337,3.5256,41422,1,0,2081,48,704458,0.0050,0.0000,0.0000,0.0000,0.0628,0.0000,0.0000,0.0000,0.0000,0.0000,0.0000,0.3624,0.0000,2.5418
1555,3.6517,3.3612,41422,1,0,2081,48,704458,0.0049,0.0000,0.0000,0.0000,0.0609,0.0000,0.0000,0.0000,0.0000,0.0000,0.0000,0.4098,0.0000,2.4817
1556,3.1775,3.5184,41422,1,0,2081,48,704458,0.0062,0.0000,0.0000,0.0000,0.0866,0.0000,0.0000,0.0000,0.0000,0.0000,0.0000,0.3938,0.0000,2.7859
1557,3.8123,3.3105,41422,1,0,2081,48,704458,0.0051,0.0000,0.0000,0.0000,0.0591,0.0000,0.0000,0.0000,0.0000,0.0000,0.0000,0.3691,0.0000,2.4251
1558,3.6240,4.0408,41422,1,0,2081,48,704458,0.0057,0.0000,0.0000,0.0000,0.0701,0.0000,0.0000,0.0000,0.0000,0.0000,0.0000,0.4876,0.0000,2.8556
1559,3.4308,3.2723,41422,1,0,2081,48,704458,0.0064,0.0000,0.0000,0.0000,0.0618,0.0000,0.0000,0.0000,0.0000,0.0000,0.0000,0.3570,0.0000,2.4786
1560,3.4746,3.6251,41422,1,0,2081,48,704458,0.0047,0.0000,0.0000,0.0000,0.0633,0.0000,0.0000,0.0000,0.0000,0.0000,0.0000,0.4057,0.0000,2.6422
1561,3.1522,3.2404,41422,1,0,2081,48,704458,0.0078,0.0000,0.0000,0.0000,0.0695,0.0000,0.0000,0.0000,0.0000,0.0000,0.0000,0.3463,0.0000,2.4668
1562,3.5575,3.3419,41422,1,0,2081,48,704458,0.0046,0.0000,0.0000,0.0000,0.0605,0.0000,0.0000,0.0000,0.0000,0.0000,0.0000,0.4755,0.0000,2.3964
1563,3.3067,3.4173,41422,1,0,2081,48,704458,0.0053,0.0000,0.0000,0.0000,0.0703,0.0000,0.0000,0.0000,0.0000,0.0000,0.0000,0.5294,0.0000,2.5651
1564,11.2222,3.3158,41422,1,0,2081,48,704458,0.0048,0.0000,0.0000,0.0000,0.0627,0.0000,0.0000,0.0000,0.0000,0.0000,0.0000,0.3399,0.0000,2.4334
1565,3.7040,11.3321,41422,1,0,2081,48,704458,0.0065,0.0000,0.0000,0.0000,0.0751,0.0000,0.0000,0.0000,0.0000,0.0000,0.0000,0.6647,0.0000,3.0946
1566,3.3838,3.6512,41422,1,0,2081,48,704458,0.0065,0.0000,0.0000,0.0000,0.0700,0.0000,0.0000,0.0000,0.0000,0.0000,0.0000,0.4269,0.0000,2.7457
1567,3.3344,3.3533,41422,1,0,2081,48,704458,0.0051,0.0000,0.0000,0.0000,0.0614,0.0000,0.0000,0.0000,0.0000,0.0000,0.0000,0.3890,0.0000,2.5376
1568,3.3537,3.2803,41422,1,0,2081,48,704458,0.0046,0.0000,0.0000,0.0000,0.0786,0.0000,0.0000,0.0000,0.0000,0.0000,0.0000,0.3859,0.0000,2.4761
1569,3.8331,3.5696,41422,1,0,2081,48,704458,0.0055,0.0000,0.0000,0.0000,0.0634,0.0000,0.0000,0.0000,0.0000,0.0000,0.0000,0.3667,0.0000,2.4333
1570,3.1520,3.6045,41422,1,0,2081,48,704458,0.0049,0.0000,0.0000,0.0000,0.0693,0.0000,0.0000,0.0000,0.0000,0.0000,0.0000,0.4294,0.0000,2.7963
1571,3.3403,3.3335,41422,1,0,2081,48,704458,0.0049,0.0000,0.0000,0.0000,0.0605,0.0000,0.0000,0.0000,0.0000,0.0000,0.0000,0.3180,0.0000,2.3808
1572,3.6969,3.2045,41422,1,0,2081,48,704458,0.0046,0.0000,0.0000,0.0000,0.0609,0.0000,0.0000,0.0000,0.0000,0.0000,0.0000,0.5211,0.0000,2.4120
1573,4.0696,3.6440,41422,1,0,2081,48,704458,0.0050,0.0000,0.0000,0.0000,0.0627,0.0000,0.0000,0.0000,0.0000,0.0000,0.0000,0.5613,0.0000,2.8271
1574,3.8070,4.3595,41422,1,0,2081,48,704458,0.0048,0.0000,0.0000,0.0000,0.0772,0.0000,0.0000,0.0000,0.0000,0.0000,0.0000,0.5667,0.0000,3.2116
1575,3.3306,3.5642,41422,1,0,2081,48,704458,0.0057,0.0000,0.0000,0.0000,0.0732,0.0000,0.0000,0.0000,0.0000,0.0000,0.0000,0.5311,0.0000,2.7146
1576,3.5992,3.4430,41422,1,0,2081,48,704458,0.0060,0.0000,0.0000,0.0000,0.0630,0.0000,0.0000,0.0000,0.0000,0.0000,0.0000,0.3506,0.0000,2.5257
1577,3.3618,3.5360,41422,1,0,2081,48,704458,0.0048,0.0000,0.0000,0.0000,0.0681,0.0000,0.0000,0.0000,0.0000,0.0000,0.0000,0.4529,0.0000,2.6635
1578,3.9038,3.4585,41422,1,0,2081,48,704458,0.0054,0.0000,0.0000,0.0000,0.0636,0.0000,0.0000,0.0000,0.0000,0.0000,0.0000,0.3287,0.0000,2.4333
1579,3.4375,3.7783,41422,1,0,2081,48,704458,0.0046,0.0000,0.0000,0.0000,0.0654,0.0000,0.0000,0.0000,0.0000,0.0000,0.0000,0.4965,0.0000,2.9966
1580,3.2632,3.5770,41422,1,0,2081,48,704458,0.0052,0.0000,0.0000,0.0000,0.0650,0.0000,0.0000,0.0000,0.0000,0.0000,0.0000,0.3575,0.0000,2.5731
1581,3.6323,3.0702,41422,1,0,2081,48,704458,0.0047,0.0000,0.0000,0.0000,0.0601,0.0000,0.0000,0.0000,0.0000,0.0000,0.0000,0.3820,0.0000,2.3181
1582,3.4821,3.8548,41422,1,0,2081,48,704458,0.0059,0.0000,0.0000,0.0000,0.0727,0.0000,0.0000,0.0000,0.0000,0.0000,0.0000,0.5275,0.0000,2.7232
1583,3.5507,3.2734,41422,1,0,2081,48,704458,0.0054,0.0000,0.0000,0.0000,0.0624,0.0000,0.0000,0.0000,0.0000,0.0000,0.0000,0.3722,0.0000,2.4911
1584,3.2363,3.6614,41422,1,0,2081,48,704458,0.0049,0.0000,0.0000,0.0000,0.0714,0.0000,0.0000,0.0000,0.0000,0.0000,0.0000,0.4247,0.0000,2.7358
1585,3.7550,3.2540,41422,1,0,2081,48,704458,0.0045,0.0000,0.0000,0.0000,0.0641,0.0000,0.0000,0.0000,0.0000,0.0000,0.0000,0.3601,0.0000,2.3410
1586,3.4513,3.7211,41422,1,0,2081,48,704458,0.1318,0.0000,0.0000,0.0000,0.0630,0.0000,0.0000,0.0000,0.0000,0.0000,0.0000,0.4456,0.0000,2.8186
1587,3.1883,3.3468,41422,1,0,2081,48,704458,0.0051,0.0000,0.0000,0.0000,0.0795,0.0000,0.0000,0.0000,0.0000,0.0000,0.0000,0.3947,0.0000,2.5155
1588,3.4354,3.1880,41422,1,0,2081,48,704458,0.0051,0.0000,0.0000,0.0000,0.0596,0.0000,0.0000,0.0000,0.0000,0.0000,0.0000,0.3881,0.0000,2.4236
1589,3.5618,3.7058,41422,1,0,2081,48,704458,0.0053,0.0000,0.0000,0.0000,0.0666,0.0000,0.0000,0.0000,0.0000,0.0000,0.0000,0.4096,0.0000,2.6159
1590,3.2565,3.2973,41422,1,0,2081,48,704458,0.0052,0.0000,0.0000,0.0000,0.0637,0.0000,0.0000,0.0000,0.0000,0.0000,0.0000,0.3448,0.0000,2.5156
1591,3.4584,3.4399,41422,1,0,2081,48,704458,0.0055,0.0000,0.0000,0.0000,0.0644,0.0000,0.0000,0.0000,0.0000,0.0000,0.0000,0.3884,0.0000,2.4891
1592,3.2728,3.4091,41422,1,0,2081,48,704458,0.0052,0.0000,0.0000,0.0000,0.0626,0.0000,0.0000,0.0000,0.0000,0.0000,0.0000,0.3651,0.0000,2.5036
1593,3.6141,3.1309,41422,1,0,2081,48,704458,0.0049,0.0000,0.0000,0.0000,0.0596,0.0000,0.0000,0.0000,0.0000,0.0000,0.0000,0.3579,0.0000,2.3758
1594,3.6938,3.8737,41422,1,0,2081,48,704458,0.0069,0.0000,0.0000,0.0000,0.0695,0.0000,0.0000,0.0000,0.0000,0.0000,0.0000,0.5043,0.0000,2.8072
1595,3.6775,3.4924,41422,1,0,2081,48,704458,0.0065,0.0000,0.0000,0.0000,0.0648,0.0000,0.0000,0.0000,0.0000,0.0000,0.0000,0.3759,0.0000,2.6522
1596,3.5011,3.8108,41422,1,0,2081,48,704458,0.0059,0.0000,0.0000,0.0000,0.0655,0.0000,0.0000,0.0000,0.0000,0.0000,0.0000,0.3954,0.0000,2.8363
1597,3.3993,3.3738,41422,1,0,2081,48,704458,0.0054,0.0000,0.0000,0.0000,0.0652,0.0000,0.0000,0.0000,0.0000,0.0000,0.0000,0.3354,0.0000,2.5097
1598,3.9929,3.6537,41422,1,0,2081,48,704458,0.0047,0.0000,0.0000,0.0000,0.0589,0.0000,0.0000,0.0000,0.0000,0.0000,0.0000,0.4097,0.0000,2.5806
1599,3.2251,3.7163,41422,1,0,2081,48,704458,0.0056,0.0000,0.0000,0.0000,0.0741,0.0000,0.0000,0.0000,0.0000,0.0000,0.0000,0.3982,0.0000,2.8255
1600,3.9464,3.3947,41422,1,0,2081,48,704458,0.0055,0.0000,0.0000,0.0000,0.0630,0.0000,0.0000,0.0000,0.0000,0.0000,0.0000,0.3843,0.0000,2.4048
1601,3.4606,3.7810,41422,1,0,2081,48,704458,0.0066,0.0000,0.0000,0.0000,0.0748,0.0000,0.0000,0.0000,0.0000,0.0000,0.0000,0.4368,0.0000,2.8945
1602,4.0832,3.6739,41422,1,0,2081,48,704458,0.0201,0.0000,0.0000,0.0000,0.0668,0.0000,0.0000,0.0000,0.0000,0.0000,0.0000,0.3690,0.0000,2.6121
1603,3.6348,3.9770,41422,1,0,2081,48,704458,0.0073,0.0000,0.0000,0.0000,0.0772,0.0000,0.0000,0.0000,0.0000,0.0000,0.0000,0.4855,0.0000,3.0437
1604,3.6787,3.6745,41422,1,0,2081,48,704458,0.0055,0.0000,0.0000,0.0000,0.0658,0.0000,0.0000,0.0000,0.0000,0.0000,0.0000,0.4105,0.0000,2.6583
1605,3.5467,3.6475,41422,1,0,2081,48,704458,0.0212,0.0000,0.0000,0.0000,0.0661,0.0000,0.0000,0.0000,0.0000,0.0000,0.0000,0.4671,0.0000,2.7130
1606,3.2119,3.3572,41422,1,0,2081,48,704458,0.0056,0.0000,0.0000,0.0000,0.0631,0.0000,0.0000,0.0000,0.0000,0.0000,0.0000,0.3689,0.0000,2.5703
1607,3.9357,3.5006,41422,1,0,2081,48,704458,0.0047,0.0000,0.0000,0.0000,0.0584,0.0000,0.0000,0.0000,0.0000,0.0000,0.0000,0.4539,0.0000,2.4943
1608,3.5997,3.9079,41422,1,0,2081,48,704458,0.0063,0.0000,0.0000,0.0000,0.0764,0.0000,0.0000,0.0000,0.0000,0.0000,0.0000,0.4540,0.0000,2.8267
1609,3.9394,3.5227,41422,1,0,2081,48,704458,0.0057,0.0000,0.0000,0.0000,0.0618,0.0000,0.0000,0.0000,0.0000,0.0000,0.0000,0.3517,0.0000,2.5901
1610,3.7874,3.9557,41422,1,0,2081,48,704458,0.0064,0.0000,0.0000,0.0000,0.0970,0.0000,0.0000,0.0000,0.0000,0.0000,0.0000,0.4710,0.0000,2.9372
1611,3.8295,3.6160,41422,1,0,2081,48,704458,0.0048,0.0000,0.0000,0.0000,0.0664,0.0000,0.0000,0.0000,0.0000,0.0000,0.0000,0.3883,0.0000,2.7373
1612,3.6629,4.0790,41422,1,0,2081,48,704458,0.0066,0.0000,0.0000,0.0000,0.0787,0.0000,0.0000,0.0000,0.0000,0.0000,0.0000,0.4793,0.0000,2.9982
1613,3.5234,3.5617,41422,1,0,2081,48,704458,0.0054,0.0000,0.0000,0.0000,0.0626,0.0000,0.0000,0.0000,0.0000,0.0000,0.0000,0.3600,0.0000,2.6049
1614,3.5046,3.5625,41422,1,0,2081,48,704458,0.0050,0.0000,0.0000,0.0000,0.0631,0.0000,0.0000,0.0000,0.0000,0.0000,0.0000,0.4539,0.0000,2.6379
1615,3.3511,3.2988,41422,1,0,2081,48,704458,0.0060,0.0000,0.0000,0.0000,0.0658,0.0000,0.0000,0.0000,0.0000,0.0000,0.0000,0.3511,0.0000,2.5027
1616,3.9559,3.5394,41422,1,0,2081,48,704458,0.0051,0.0000,0.0000,0.0000,0.0631,0.0000,0.0000,0.0000,0.0000,0.0000,0.0000,0.4578,0.0000,2.6183
1617,3.6023,4.0039,41422,1,0,2081,48,704458,0.0071,0.0000,0.0000,0.0000,0.0819,0.0000,0.0000,0.0000,0.0000,0.0000,0.0000,0.4677,0.0000,2.9213
1618,11.7679,3.4321,41422,1,0,2081,48,704458,0.0055,0.0000,0.0000,0.0000,0.0641,0.0000,0.0000,0.0000,0.0000,0.0000,0.0000,0.4054,0.0000,2.5985
1619,3.4835,11.8489,41422,1,0,2081,48,704458,0.0079,0.0000,0.0000,0.0000,0.0854,0.0000,0.0000,0.0000,0.0000,0.0000,0.0000,0.5158,0.0000,3.2827
1620,4.0691,3.3398,41422,1,0,2081,48,704458,0.0065,0.0000,0.0000,0.0000,0.0717,0.0000,0.0000,0.0000,0.0000,0.0000,0.0000,0.4732,0.0000,2.5459
1621,3.5333,4.1987,41422,1,0,2081,48,704458,0.0068,0.0000,0.0000,0.0000,0.0652,0.0000,0.0000,0.0000,0.0000,0.0000,0.0000,0.6562,0.0000,3.1013
1622,3.4365,3.4244,41422,1,0,2081,48,704458,0.0065,0.0000,0.0000,0.0000,0.0679,0.0000,0.0000,0.0000,0.0000,0.0000,0.0000,0.4742,0.0000,2.5964
1623,3.8125,3.5619,41422,1,0,2081,48,704458,0.0049,0.0000,0.0000,0.0000,0.0645,0.0000,0.0000,0.0000,0.0000,0.0000,0.0000,0.4460,0.0000,2.6444
1624,3.4314,3.6546,41422,1,0,2081,48,704458,0.0061,0.0000,0.0000,0.0000,0.0702,0.0000,0.0000,0.0000,0.0000,0.0000,0.0000,0.4110,0.0000,2.8236
1625,3.5629,3.5313,41422,1,0,2081,48,704458,0.0052,0.0000,0.0000,0.0000,0.0656,0.0000,0.0000,0.0000,0.0000,0.0000,0.0000,0.3653,0.0000,2.5435
1626,3.3768,3.5153,41422,1,0,2081,48,704458,0.0069,0.0000,0.0000,0.0000,0.0742,0.0000,0.0000,0.0000,0.0000,0.0000,0.0000,0.4963,0.0000,2.6845
1627,3.4114,3.3688,41422,1,0,2081,48,704458,0.0057,0.0000,0.0000,0.0000,0.0645,0.0000,0.0000,0.0000,0.0000,0.0000,0.0000,0.3662,0.0000,2.5424
1628,3.5758,3.4724,41422,1,0,2081,48,704458,0.0051,0.0000,0.0000,0.0000,0.0650,0.0000,0.0000,0.0000,0.0000,0.0000,0.0000,0.4316,0.0000,2.6177
1629,3.0654,3.4788,41422,1,0,2081,48,704458,0.0060,0.0000,0.0000,0.0000,0.0788,0.0000,0.0000,0.0000,0.0000,0.0000,0.0000,0.3973,0.0000,2.5357
1630,4.0637,3.1109,41422,1,0,2081,48,704458,0.0050,0.0000,0.0000,0.0000,0.0617,0.0000,0.0000,0.0000,0.0000,0.0000,0.0000,0.4845,0.0000,2.3165
1631,3.4387,4.0751,41422,1,0,2081,48,704458,0.0058,0.0000,0.0000,0.0000,0.0746,0.0000,0.0000,0.0000,0.0000,0.0000,0.0000,0.4284,0.0000,3.0950
1632,3.7479,3.4047,41422,1,0,2081,48,704458,0.0056,0.0000,0.0000,0.0000,0.0621,0.0000,0.0000,0.0000,0.0000,0.0000,0.0000,0.3848,0.0000,2.5769
1633,3.9124,3.8443,41422,1,0,2081,48,704458,0.0063,0.0000,0.0000,0.0000,0.0695,0.0000,0.0000,0.0000,0.0000,0.0000,0.0000,0.4620,0.0000,2.9539
1634,3.5373,3.8190,41422,1,0,2081,48,704458,0.0062,0.0000,0.0000,0.0000,0.0620,0.0000,0.0000,0.0000,0.0000,0.0000,0.0000,0.3642,0.0000,3.0042
1635,3.5681,3.5970,41422,1,0,2081,48,704458,0.0064,0.0000,0.0000,0.0000,0.0627,0.0000,0.0000,0.0000,0.0000,0.0000,0.0000,0.4428,0.0000,2.7579
1636,3.4624,3.4929,41422,1,0,2081,48,704458,0.0058,0.0000,0.0000,0.0000,0.0657,0.0000,0.0000,0.0000,0.0000,0.0000,0.0000,0.3506,0.0000,2.6080
1637,3.9780,3.5566,41422,1,0,2081,48,704458,0.0044,0.0000,0.0000,0.0000,0.0581,0.0000,0.0000,0.0000,0.0000,0.0000,0.0000,0.3997,0.0000,2.7267
1638,3.2517,3.8893,41422,1,0,2081,48,704458,0.0069,0.0000,0.0000,0.0000,0.0903,0.0000,0.0000,0.0000,0.0000,0.0000,0.0000,0.3860,0.0000,3.0154
1639,3.7590,3.3321,41422,1,0,2081,48,704458,0.0052,0.0000,0.0000,0.0000,0.0624,0.0000,0.0000,0.0000,0.0000,0.0000,0.0000,0.4488,0.0000,2.4881
1640,3.3691,3.8385,41422,1,0,2081,48,704458,0.0053,0.0000,0.0000,0.0000,0.0721,0.0000,0.0000,0.0000,0.0000,0.0000,0.0000,0.4297,0.0000,2.8285
1641,3.5887,3.2111,41422,1,0,2081,48,704458,0.0055,0.0000,0.0000,0.0000,0.0605,0.0000,0.0000,0.0000,0.0000,0.0000,0.0000,0.3616,0.0000,2.3990
1642,3.6096,3.6669,41422,1,0,2081,48,704458,0.0068,0.0000,0.0000,0.0000,0.0691,0.0000,0.0000,0.0000,0.0000,0.0000,0.0000,0.4183,0.0000,2.8592
1643,3.8005,3.8276,41422,1,0,2081,48,704458,0.0061,0.0000,0.0000,0.0000,0.0648,0.0000,0.0000,0.0000,0.0000,0.0000,0.0000,0.4686,0.0000,2.6652
1644,3.4968,3.5998,41422,1,0,2081,48,704458,0.0052,0.0000,0.0000,0.0000,0.0608,0.0000,0.0000,0.0000,0.0000,0.0000,0.0000,0.4333,0.0000,2.7413
1645,3.2779,3.3720,41422,1,0,2081,48,704458,0.0063,0.0000,0.0000,0.0000,0.0670,0.0000,0.0000,0.0000,0.0000,0.0000,0.0000,0.3859,0.0000,2.6018
1646,3.7020,3.4975,41422,1,0,2081,48,704458,0.0050,0.0000,0.0000,0.0000,0.0687,0.0000,0.0000,0.0000,0.0000,0.0000,0.0000,0.3517,0.0000,2.3975
1647,3.0675,3.5000,41422,1,0,2081,48,704458,0.0063,0.0000,0.0000,0.0000,0.0715,0.0000,0.0000,0.0000,0.0000,0.0000,0.0000,0.4582,0.0000,2.7073
1648,3.3686,3.0566,41422,1,0,2081,48,704458,0.0059,0.0000,0.0000,0.0000,0.0613,0.0000,0.0000,0.0000,0.0000,0.0000,0.0000,0.4071,0.0000,2.3028
1649,3.3437,3.4722,41422,1,0,2081,48,704458,0.0133,0.0000,0.0000,0.0000,0.0644,0.0000,0.0000,0.0000,0.0000,0.0000,0.0000,0.4087,0.0000,2.6343
1650,3.0177,3.2369,41422,1,0,2081,48,704458,0.0060,0.0000,0.0000,0.0000,0.0612,0.0000,0.0000,0.0000,0.0000,0.0000,0.0000,0.4741,0.0000,2.4710
1651,3.6084,3.0398,41422,1,0,2081,48,704458,0.0049,0.0000,0.0000,0.0000,0.0610,0.0000,0.0000,0.0000,0.0000,0.0000,0.0000,0.4347,0.0000,2.2770
1652,3.3481,3.6427,41422,1,0,2081,48,704458,0.0063,0.0000,0.0000,0.0000,0.0676,0.0000,0.0000,0.0000,0.0000,0.0000,0.0000,0.4581,0.0000,2.8275
1653,3.4277,3.3538,41422,1,0,2081,48,704458,0.0082,0.0000,0.0000,0.0000,0.1929,0.0000,0.0000,0.0000,0.0000,0.0000,0.0000,0.4062,0.0000,2.5678
1654,3.5314,3.3930,41422,1,0,2081,48,704458,0.0060,0.0000,0.0000,0.0000,0.0616,0.0000,0.0000,0.0000,0.0000,0.0000,0.0000,0.4102,0.0000,2.6339
1655,3.2662,3.4979,41422,1,0,2081,48,704458,0.0053,0.0000,0.0000,0.0000,0.0623,0.0000,0.0000,0.0000,0.0000,0.0000,0.0000,0.4006,0.0000,2.5872
1656,3.4937,3.3637,41422,1,0,2081,48,704458,0.0046,0.0000,0.0000,0.0000,0.0596,0.0000,0.0000,0.0000,0.0000,0.0000,0.0000,0.3746,0.0000,2.5157
1657,3.3321,3.4442,41422,1,0,2081,48,704458,0.0053,0.0000,0.0000,0.0000,0.0670,0.0000,0.0000,0.0000,0.0000,0.0000,0.0000,0.3460,0.0000,2.5799
1658,3.6451,3.2799,41422,1,0,2081,48,704458,0.0052,0.0000,0.0000,0.0000,0.0640,0.0000,0.0000,0.0000,0.0000,0.0000,0.0000,0.5131,0.0000,2.4695
1659,3.2360,3.8362,41422,1,0,2081,48,704458,0.0049,0.0000,0.0000,0.0000,0.0631,0.0000,0.0000,0.0000,0.0000,0.0000,0.0000,0.5206,0.0000,2.9007
1660,3.3704,3.0657,41422,1,0,2081,48,704458,0.0055,0.0000,0.0000,0.0000,0.0620,0.0000,0.0000,0.0000,0.0000,0.0000,0.0000,0.3345,0.0000,2.3215
1661,3.6439,3.4397,41422,1,0,2081,48,704458,0.0047,0.0000,0.0000,0.0000,0.0594,0.0000,0.0000,0.0000,0.0000,0.0000,0.0000,0.3847,0.0000,2.5854
1662,3.4489,3.6095,41422,1,0,2081,48,704458,0.0054,0.0000,0.0000,0.0000,0.0698,0.0000,0.0000,0.0000,0.0000,0.0000,0.0000,0.3746,0.0000,2.7640
1663,3.4088,3.4425,41422,1,0,2081,48,704458,0.0038,0.0000,0.0000,0.0000,0.0603,0.0000,0.0000,0.0000,0.0000,0.0000,0.0000,0.3612,0.0000,2.6375
1664,3.1980,3.4291,41422,1,0,2081,48,704458,0.0049,0.0000,0.0000,0.0000,0.0676,0.0000,0.0000,0.0000,0.0000,0.0000,0.0000,0.4281,0.0000,2.5648
1665,3.4522,3.2722,41422,1,0,2081,48,704458,0.0053,0.0000,0.0000,0.0000,0.0630,0.0000,0.0000,0.0000,0.0000,0.0000,0.0000,0.3449,0.0000,2.4199
1666,4.0272,3.3538,41422,1,0,2081,48,704458,0.0045,0.0000,0.0000,0.0000,0.0598,0.0000,0.0000,0.0000,0.0000,0.0000,0.0000,0.6337,0.0000,2.5795
1667,3.2543,4.0027,41422,1,0,2081,48,704458,0.0060,0.0000,0.0000,0.0000,0.0685,0.0000,0.0000,0.0000,0.0000,0.0000,0.0000,0.3828,0.0000,3.1412
1668,3.6646,3.3028,41422,1,0,2081,48,704458,0.0062,0.0000,0.0000,0.0000,0.0624,0.0000,0.0000,0.0000,0.0000,0.0000,0.0000,0.4469,0.0000,2.5084
1669,3.0899,3.6407,41422,1,0,2081,48,704458,0.0056,0.0000,0.0000,0.0000,0.0794,0.0000,0.0000,0.0000,0.0000,0.0000,0.0000,0.3779,0.0000,2.7749
1670,3.3993,3.0524,41422,1,0,2081,48,704458,0.0048,0.0000,0.0000,0.0000,0.0609,0.0000,0.0000,0.0000,0.0000,0.0000,0.0000,0.4260,0.0000,2.3050
1671,3.3421,3.4956,41422,1,0,2081,48,704458,0.0052,0.0000,0.0000,0.0000,0.0780,0.0000,0.0000,0.0000,0.0000,0.0000,0.0000,0.4341,0.0000,2.6048
1672,3.2577,3.2626,41422,1,0,2081,48,704458,0.0061,0.0000,0.0000,0.0000,0.0809,0.0000,0.0000,0.0000,0.0000,0.0000,0.0000,0.3758,0.0000,2.4500
1673,11.9097,3.2569,41422,1,0,2081,48,704458,0.0051,0.0000,0.0000,0.0000,0.0606,0.0000,0.0000,0.0000,0.0000,0.0000,0.0000,0.3930,0.0000,2.4789
1674,4.1654,12.0796,41422,1,0,2081,48,704458,0.0084,0.0000,0.0000,0.0000,0.0817,0.0000,0.0000,0.0000,0.0000,0.0000,0.0000,0.6256,0.0000,3.4712
1675,3.6473,4.0325,41422,1,0,2081,48,704458,0.0066,0.0000,0.0000,0.0000,0.0691,0.0000,0.0000,0.0000,0.0000,0.0000,0.0000,0.3857,0.0000,3.1815
1676,3.3222,3.6594,41422,1,0,2081,48,704458,0.0065,0.0000,0.0000,0.0000,0.0705,0.0000,0.0000,0.0000,0.0000,0.0000,0.0000,0.4689,0.0000,2.8038
1677,3.3689,3.3801,41422,1,0,2081,48,704458,0.0059,0.0000,0.0000,0.0000,0.0609,0.0000,0.0000,0.0000,0.0000,0.0000,0.0000,0.3887,0.0000,2.5295
1678,3.3332,3.2883,41422,1,0,2081,48,704458,0.0055,0.0000,0.0000,0.0000,0.0637,0.0000,0.0000,0.0000,0.0000,0.0000,0.0000,0.5067,0.0000,2.5125
1679,3.1795,3.3066,41422,1,0,2081,48,704458,0.0057,0.0000,0.0000,0.0000,0.0625,0.0000,0.0000,0.0000,0.0000,0.0000,0.0000,0.4084,0.0000,2.5216
1680,3.7755,3.1946,41422,1,0,2081,48,704458,0.0052,0.0000,0.0000,0.0000,0.0611,0.0000,0.0000,0.0000,0.0000,0.0000,0.0000,0.3358,0.0000,2.4280
1681,3.5436,3.9443,41422,1,0,2081,48,704458,0.0058,0.0000,0.0000,0.0000,0.1894,0.0000,0.0000,0.0000,0.0000,0.0000,0.0000,0.4380,0.0000,2.8286
1682,3.5719,3.3450,41422,1,0,2081,48,704458,0.0059,0.0000,0.0000,0.0000,0.0827,0.0000,0.0000,0.0000,0.0000,0.0000,0.0000,0.3784,0.0000,2.5580
1683,3.2557,3.6233,41422,1,0,2081,48,704458,0.0050,0.0000,0.0000,0.0000,0.0634,0.0000,0.0000,0.0000,0.0000,0.0000,0.0000,0.3965,0.0000,2.8065
1684,3.3388,3.2863,41422,1,0,2081,48,704458,0.0041,0.0000,0.0000,0.0000,0.0615,0.0000,0.0000,0.0000,0.0000,0.0000,0.0000,0.3430,0.0000,2.4338
1685,3.3913,3.2826,41422,1,0,2081,48,704458,0.0047,0.0000,0.0000,0.0000,0.0592,0.0000,0.0000,0.0000,0.0000,0.0000,0.0000,0.3707,0.0000,2.5281
1686,3.2775,3.4239,41422,1,0,2081,48,704458,0.0055,0.0000,0.0000,0.0000,0.0653,0.0000,0.0000,0.0000,0.0000,0.0000,0.0000,0.3969,0.0000,2.5838
1687,3.7418,3.2096,41422,1,0,2081,48,704458,0.0047,0.0000,0.0000,0.0000,0.0605,0.0000,0.0000,0.0000,0.0000,0.0000,0.0000,0.4674,0.0000,2.4982
1688,3.5746,3.8938,41422,1,0,2081,48,704458,0.0055,0.0000,0.0000,0.0000,0.0701,0.0000,0.0000,0.0000,0.0000,0.0000,0.0000,0.4788,0.0000,2.9626
1689,3.2970,3.4743,41422,1,0,2081,48,704458,0.0064,0.0000,0.0000,0.0000,0.0692,0.0000,0.0000,0.0000,0.0000,0.0000,0.0000,0.4351,0.0000,2.6417
1690,3.8379,3.3164,41422,1,0,2081,48,704458,0.0046,0.0000,0.0000,0.0000,0.0585,0.0000,0.0000,0.0000,0.0000,0.0000,0.0000,0.4202,0.0000,2.5367
1691,3.7807,3.9137,41422,1,0,2081,48,704458,0.0062,0.0000,0.0000,0.0000,0.0844,0.0000,0.0000,0.0000,0.0000,0.0000,0.0000,0.3783,0.0000,2.9584
1692,3.7096,3.7016,41422,1,0,2081,48,704458,0.0067,0.0000,0.0000,0.0000,0.0714,0.0000,0.0000,0.0000,0.0000,0.0000,0.0000,0.4362,0.0000,2.8358
1693,3.1251,3.6724,41422,1,0,2081,48,704458,0.0062,0.0000,0.0000,0.0000,0.0671,0.0000,0.0000,0.0000,0.0000,0.0000,0.0000,0.4098,0.0000,2.8419
1694,3.1661,3.1275,41422,1,0,2081,48,704458,0.0049,0.0000,0.0000,0.0000,0.0600,0.0000,0.0000,0.0000,0.0000,0.0000,0.0000,0.3708,0.0000,2.3496
1695,3.1479,3.1762,41422,1,0,2081,48,704458,0.0053,0.0000,0.0000,0.0000,0.0631,0.0000,0.0000,0.0000,0.0000,0.0000,0.0000,0.3720,0.0000,2.4134
1696,3.2926,3.1469,41422,1,0,2081,48,704458,0.0049,0.0000,0.0000,0.0000,0.0610,0.0000,0.0000,0.0000,0.0000,0.0000,0.0000,0.3455,0.0000,2.3656
1697,3.4682,3.2973,41422,1,0,2081,48,704458,0.0049,0.0000,0.0000,0.0000,0.0604,0.0000,0.0000,0.0000,0.0000,0.0000,0.0000,0.4035,0.0000,2.5497
1698,3.3184,3.5127,41422,1,0,2081,48,704458,0.0052,0.0000,0.0000,0.0000,0.0687,0.0000,0.0000,0.0000,0.0000,0.0000,0.0000,0.4025,0.0000,2.6442
1699,3.3331,3.2134,41422,1,0,2081,48,704458,0.0055,0.0000,0.0000,0.0000,0.0610,0.0000,0.0000,0.0000,0.0000,0.0000,0.0000,0.3885,0.0000,2.4759
1700,3.1582,3.3864,41422,1,0,2081,48,704458,0.0050,0.0000,0.0000,0.0000,0.0711,0.0000,0.0000,0.0000,0.0000,0.0000,0.0000,0.4129,0.0000,2.5342
1701,3.3854,3.1235,41422,1,0,2081,48,704458,0.0062,0.0000,0.0000,0.0000,0.0622,0.0000,0.0000,0.0000,0.0000,0.0000,0.0000,0.4003,0.0000,2.3530
1702,3.9977,3.5945,41422,1,0,2081,48,704458,0.0047,0.0000,0.0000,0.0000,0.0586,0.0000,0.0000,0.0000,0.0000,0.0000,0.0000,0.3509,0.0000,2.6528
1703,3.5231,3.8185,41422,1,0,2081,48,704458,0.0053,0.0000,0.0000,0.0000,0.0646,0.0000,0.0000,0.0000,0.0000,0.0000,0.0000,0.3898,0.0000,2.7671
1704,3.8960,3.5446,41422,1,0,2081,48,704458,0.0050,0.0000,0.0000,0.0000,0.0666,0.0000,0.0000,0.0000,0.0000,0.0000,0.0000,0.6842,0.0000,2.6562
1705,3.1354,3.9075,41422,1,0,2081,48,704458,0.0055,0.0000,0.0000,0.0000,0.0655,0.0000,0.0000,0.0000,0.0000,0.0000,0.0000,0.4093,0.0000,2.9882
1706,3.4791,3.2622,41422,1,0,2081,48,704458,0.0048,0.0000,0.0000,0.0000,0.0605,0.0000,0.0000,0.0000,0.0000,0.0000,0.0000,0.3368,0.0000,2.3563
1707,3.6571,3.5200,41422,1,0,2081,48,704458,0.0045,0.0000,0.0000,0.0000,0.0626,0.0000,0.0000,0.0000,0.0000,0.0000,0.0000,0.4377,0.0000,2.5869
1708,3.4339,3.5627,41422,1,0,2081,48,704458,0.0049,0.0000,0.0000,0.0000,0.0643,0.0000,0.0000,0.0000,0.0000,0.0000,0.0000,0.4091,0.0000,2.6315
1709,3.3521,3.3445,41422,1,0,2081,48,704458,0.0047,0.0000,0.0000,0.0000,0.0618,0.0000,0.0000,0.0000,0.0000,0.0000,0.0000,0.3799,0.0000,2.4639
1710,3.5483,3.4398,41422,1,0,2081,48,704458,0.0056,0.0000,0.0000,0.0000,0.0664,0.0000,0.0000,0.0000,0.0000,0.0000,0.0000,0.5652,0.0000,2.5269
1711,3.5695,3.6642,41422,1,0,2081,48,704458,0.0041,0.0000,0.0000,0.0000,0.0630,0.0000,0.0000,0.0000,0.0000,0.0000,0.0000,0.3644,0.0000,2.6569
1712,3.4057,3.3433,41422,1,0,2081,48,704458,0.0046,0.0000,0.0000,0.0000,0.0633,0.0000,0.0000,0.0000,0.0000,0.0000,0.0000,0.5508,0.0000,2.5839
1713,4.0391,3.5475,41422,1,0,2081,48,704458,0.0062,0.0000,0.0000,0.0000,0.0819,0.0000,0.0000,0.0000,0.0000,0.0000,0.0000,0.5051,0.0000,2.5723
1714,3.3502,3.9680,41422,1,0,2081,48,704458,0.0051,0.0000,0.0000,0.0000,0.0646,0.0000,0.0000,0.0000,0.0000,0.0000,0.0000,0.4257,0.0000,3.0553
1715,3.3782,3.4678,41422,1,0,2081,48,704458,0.0050,0.0000,0.0000,0.0000,0.0628,0.0000,0.0000,0.0000,0.0000,0.0000,0.0000,0.3366,0.0000,2.4854
1716,3.7321,3.2010,41422,1,0,2081,48,704458,0.0048,0.0000,0.0000,0.0000,0.0597,0.0000,0.0000,0.0000,0.0000,0.0000,0.0000,0.3794,0.0000,2.4345
1717,3.6417,3.9467,41422,1,0,2081,48,704458,0.0056,0.0000,0.0000,0.0000,0.0672,0.0000,0.0000,0.0000,0.0000,0.0000,0.0000,0.4278,0.0000,2.9156
1718,3.3959,3.5541,41422,1,0,2081,48,704458,0.0057,0.0000,0.0000,0.0000,0.0656,0.0000,0.0000,0.0000,0.0000,0.0000,0.0000,0.3798,0.0000,2.5063
1719,3.0858,3.2816,41422,1,0,2081,48,704458,0.0050,0.0000,0.0000,0.0000,0.0616,0.0000,0.0000,0.0000,0.0000,0.0000,0.0000,0.3845,0.0000,2.4860
1720,3.1950,3.0685,41422,1,0,2081,48,704458,0.0053,0.0000,0.0000,0.0000,0.0627,0.0000,0.0000,0.0000,0.0000,0.0000,0.0000,0.3608,0.0000,2.2737
1721,4.0962,3.4826,41422,1,0,2081,48,704458,0.0047,0.0000,0.0000,0.0000,0.0592,0.0000,0.0000,0.0000,0.0000,0.0000,0.0000,0.3769,0.0000,2.4520
1722,3.0602,3.7824,41422,1,0,2081,48,704458,0.0058,0.0000,0.0000,0.0000,0.0696,0.0000,0.0000,0.0000,0.0000,0.0000,0.0000,0.3700,0.0000,2.9647
1723,3.3386,3.1983,41422,1,0,2081,48,704458,0.0053,0.0000,0.0000,0.0000,0.0598,0.0000,0.0000,0.0000,0.0000,0.0000,0.0000,0.3602,0.0000,2.3161
1724,3.1025,3.3054,41422,1,0,2081,48,704458,0.0054,0.0000,0.0000,0.0000,0.0616,0.0000,0.0000,0.0000,0.0000,0.0000,0.0000,0.3915,0.0000,2.4692
1725,3.4039,3.0825,41422,1,0,2081,48,704458,0.0056,0.0000,0.0000,0.0000,0.0602,0.0000,0.0000,0.0000,0.0000,0.0000,0.0000,0.3094,0.0000,2.2492
1726,4.1614,3.6883,41422,1,0,2081,48,704458,0.0043,0.0000,0.0000,0.0000,0.0614,0.0000,0.0000,0.0000,0.0000,0.0000,0.0000,0.3896,0.0000,2.5944
1727,3.6324,3.8362,41422,1,0,2081,48,704458,0.0066,0.0000,0.0000,0.0000,0.1593,0.0000,0.0000,0.0000,0.0000,0.0000,0.0000,0.4549,0.0000,2.9883
1728,11.3734,3.7461,41422,1,0,2081,48,704458,0.0052,0.0000,0.0000,0.0000,0.0607,0.0000,0.0000,0.0000,0.0000,0.0000,0.0000,0.3798,0.0000,2.7892
1729,3.4942,11.4141,41422,1,0,2081,48,704458,0.0072,0.0000,0.0000,0.0000,0.0842,0.0000,0.0000,0.0000,0.0000,0.0000,0.0000,0.5232,0.0000,3.0710
1730,3.6765,3.4525,41422,1,0,2081,48,704458,0.0068,0.0000,0.0000,0.0000,0.0681,0.0000,0.0000,0.0000,0.0000,0.0000,0.0000,0.4344,0.0000,2.5278
1731,3.6330,3.7611,41422,1,0,2081,48,704458,0.0057,0.0000,0.0000,0.0000,0.0647,0.0000,0.0000,0.0000,0.0000,0.0000,0.0000,0.4496,0.0000,2.7619
1732,3.3685,3.4366,41422,1,0,2081,48,704458,0.0055,0.0000,0.0000,0.0000,0.0636,0.0000,0.0000,0.0000,0.0000,0.0000,0.0000,0.3580,0.0000,2.6344
1733,3.9820,3.6160,41422,1,0,2081,48,704458,0.0053,0.0000,0.0000,0.0000,0.0611,0.0000,0.0000,0.0000,0.0000,0.0000,0.0000,0.3972,0.0000,2.5837
1734,3.2166,3.7316,41422,1,0,2081,48,704458,0.0062,0.0000,0.0000,0.0000,0.0781,0.0000,0.0000,0.0000,0.0000,0.0000,0.0000,0.3759,0.0000,2.8753
1735,3.6827,3.4383,41422,1,0,2081,48,704458,0.0051,0.0000,0.0000,0.0000,0.0624,0.0000,0.0000,0.0000,0.0000,0.0000,0.0000,0.3289,0.0000,2.4489
1736,3.6399,3.4490,41422,1,0,2081,48,704458,0.0057,0.0000,0.0000,0.0000,0.0682,0.0000,0.0000,0.0000,0.0000,0.0000,0.0000,0.3800,0.0000,2.6387
1737,3.5978,3.7630,41422,1,0,2081,48,704458,0.0065,0.0000,0.0000,0.0000,0.0637,0.0000,0.0000,0.0000,0.0000,0.0000,0.0000,0.3912,0.0000,2.8457
1738,3.3666,3.5257,41422,1,0,2081,48,704458,0.0056,0.0000,0.0000,0.0000,0.0694,0.0000,0.0000,0.0000,0.0000,0.0000,0.0000,0.3592,0.0000,2.6693
1739,3.1915,3.2841,41422,1,0,2081,48,704458,0.0055,0.0000,0.0000,0.0000,0.0637,0.0000,0.0000,0.0000,0.0000,0.0000,0.0000,0.3557,0.0000,2.5172
1740,3.7992,3.3596,41422,1,0,2081,48,704458,0.0049,0.0000,0.0000,0.0000,0.0685,0.0000,0.0000,0.0000,0.0000,0.0000,0.0000,0.3670,0.0000,2.4549
1741,3.2949,3.7055,41422,1,0,2081,48,704458,0.0053,0.0000,0.0000,0.0000,0.0691,0.0000,0.0000,0.0000,0.0000,0.0000,0.0000,0.3814,0.0000,2.7633
1742,3.7232,3.3583,41422,1,0,2081,48,704458,0.0043,0.0000,0.0000,0.0000,0.0617,0.0000,0.0000,0.0000,0.0000,0.0000,0.0000,0.3415,0.0000,2.4653
1743,3.5141,3.7281,41422,1,0,2081,48,704458,0.0054,0.0000,0.0000,0.0000,0.0717,0.0000,0.0000,0.0000,0.0000,0.0000,0.0000,0.4408,0.0000,2.8363
1744,3.4137,3.5253,41422,1,0,2081,48,704458,0.0055,0.0000,0.0000,0.0000,0.0630,0.0000,0.0000,0.0000,0.0000,0.0000,0.0000,0.4521,0.0000,2.6059
1745,3.5401,3.3269,41422,1,0,2081,48,704458,0.0056,0.0000,0.0000,0.0000,0.0600,0.0000,0.0000,0.0000,0.0000,0.0000,0.0000,0.4208,0.0000,2.5562
1746,3.3486,3.5713,41422,1,0,2081,48,704458,0.0057,0.0000,0.0000,0.0000,0.0645,0.0000,0.0000,0.0000,0.0000,0.0000,0.0000,0.4127,0.0000,2.6874
1747,3.6468,3.3862,41422,1,0,2081,48,704458,0.0051,0.0000,0.0000,0.0000,0.0637,0.0000,0.0000,0.0000,0.0000,0.0000,0.0000,0.3588,0.0000,2.4934
1748,3.6734,3.5307,41422,1,0,2081,48,704458,0.0053,0.0000,0.0000,0.0000,0.0778,0.0000,0.0000,0.0000,0.0000,0.0000,0.0000,0.5568,0.0000,2.7108
1749,3.4695,3.7328,41422,1,0,2081,48,704458,0.0048,0.0000,0.0000,0.0000,0.0619,0.0000,0.0000,0.0000,0.0000,0.0000,0.0000,0.3503,0.0000,2.8364
1750,3.2125,3.4645,41422,1,0,2081,48,704458,0.0044,0.0000,0.0000,0.0000,0.0603,0.0000,0.0000,0.0000,0.0000,0.0000,0.0000,0.4207,0.0000,2.6729
1751,3.1755,3.1732,41422,1,0,2081,48,704458,0.0047,0.0000,0.0000,0.0000,0.0747,0.0000,0.0000,0.0000,0.0000,0.0000,0.0000,0.3686,0.0000,2.3885
1752,3.4570,3.1921,41422,1,0,2081,48,704458,0.0044,0.0000,0.0000,0.0000,0.0591,0.0000,0.0000,0.0000,0.0000,0.0000,0.0000,0.3812,0.0000,2.4238
1753,3.0845,3.4083,41422,1,0,2081,48,704458,0.0056,0.0000,0.0000,0.0000,0.0687,0.0000,0.0000,0.0000,0.0000,0.0000,0.0000,0.3534,0.0000,2.6257
1754,3.8425,3.2394,41422,1,0,2081,48,704458,0.0045,0.0000,0.0000,0.0000,0.0605,0.0000,0.0000,0.0000,0.0000,0.0000,0.0000,0.3563,0.0000,2.3657
1755,3.3786,3.8781,41422,1,0,2081,48,704458,0.0052,0.0000,0.0000,0.0000,0.0648,0.0000,0.0000,0.0000,0.0000,0.0000,0.0000,0.4285,0.0000,2.9060
1756,3.4158,3.2272,41422,1,0,2081,48,704458,0.0050,0.0000,0.0000,0.0000,0.0622,0.0000,0.0000,0.0000,0.0000,0.0000,0.0000,0.3664,0.0000,2.4133
1757,3.4599,3.4526,41422,1,0,2081,48,704458,0.0047,0.0000,0.0000,0.0000,0.0593,0.0000,0.0000,0.0000,0.0000,0.0000,0.0000,0.3929,0.0000,2.7154
1758,3.4740,3.5875,41422,1,0,2081,48,704458,0.0050,0.0000,0.0000,0.0000,0.0645,0.0000,0.0000,0.0000,0.0000,0.0000,0.0000,0.3708,0.0000,2.5989
1759,3.6908,3.4559,41422,1,0,2081,48,704458,0.0043,0.0000,0.0000,0.0000,0.0587,0.0000,0.0000,0.0000,0.0000,0.0000,0.0000,0.3705,0.0000,2.5358
1760,3.2659,3.6925,41422,1,0,2081,48,704458,0.0060,0.0000,0.0000,0.0000,0.0682,0.0000,0.0000,0.0000,0.0000,0.0000,0.0000,0.3993,0.0000,2.7473
1761,3.3378,3.0772,41422,1,0,2081,48,704458,0.0048,0.0000,0.0000,0.0000,0.0594,0.0000,0.0000,0.0000,0.0000,0.0000,0.0000,0.3994,0.0000,2.3349
1762,3.6577,3.6724,41422,1,0,2081,48,704458,0.0045,0.0000,0.0000,0.0000,0.0611,0.0000,0.0000,0.0000,0.0000,0.0000,0.0000,0.4000,0.0000,2.6445
1763,3.3055,3.4116,41422,1,0,2081,48,704458,0.0052,0.0000,0.0000,0.0000,0.0689,0.0000,0.0000,0.0000,0.0000,0.0000,0.0000,0.4293,0.0000,2.5400
1764,3.3866,3.2855,41422,1,0,2081,48,704458,0.0057,0.0000,0.0000,0.0000,0.0605,0.0000,0.0000,0.0000,0.0000,0.0000,0.0000,0.3857,0.0000,2.4805
1765,3.5867,3.4233,41422,1,0,2081,48,704458,0.0054,0.0000,0.0000,0.0000,0.0651,0.0000,0.0000,0.0000,0.0000,0.0000,0.0000,0.3939,0.0000,2.5451
1766,3.4055,3.5696,41422,1,0,2081,48,704458,0.0050,0.0000,0.0000,0.0000,0.0628,0.0000,0.0000,0.0000,0.0000,0.0000,0.0000,0.3846,0.0000,2.7007
1767,3.2387,3.3567,41422,1,0,2081,48,704458,0.0053,0.0000,0.0000,0.0000,0.0630,0.0000,0.0000,0.0000,0.0000,0.0000,0.0000,0.4141,0.0000,2.5597
1768,3.0539,3.2005,41422,1,0,2081,48,704458,0.0048,0.0000,0.0000,0.0000,0.0630,0.0000,0.0000,0.0000,0.0000,0.0000,0.0000,0.3582,0.0000,2.4463
1769,3.2534,3.0761,41422,1,0,2081,48,704458,0.0050,0.0000,0.0000,0.0000,0.0588,0.0000,0.0000,0.0000,0.0000,0.0000,0.0000,0.3460,0.0000,2.2926
1770,3.4140,3.5051,41422,1,0,2081,48,704458,0.0055,0.0000,0.0000,0.0000,0.0650,0.0000,0.0000,0.0000,0.0000,0.0000,0.0000,0.3620,0.0000,2.4627
1771,3.4942,3.1290,41422,1,0,2081,48,704458,0.0042,0.0000,0.0000,0.0000,0.0595,0.0000,0.0000,0.0000,0.0000,0.0000,0.0000,0.3480,0.0000,2.3804
1772,3.5688,3.7023,41422,1,0,2081,48,704458,0.0050,0.0000,0.0000,0.0000,0.0620,0.0000,0.0000,0.0000,0.0000,0.0000,0.0000,0.4374,0.0000,2.7982
1773,3.2978,3.5607,41422,1,0,2081,48,704458,0.0058,0.0000,0.0000,0.0000,0.0674,0.0000,0.0000,0.0000,0.0000,0.0000,0.0000,0.3982,0.0000,2.5563
1774,3.5263,3.1678,41422,1,0,2081,48,704458,0.0050,0.0000,0.0000,0.0000,0.0594,0.0000,0.0000,0.0000,0.0000,0.0000,0.0000,0.3317,0.0000,2.3900
1775,3.4332,3.6932,41422,1,0,2081,48,704458,0.0059,0.0000,0.0000,0.0000,0.0666,0.0000,0.0000,0.0000,0.0000,0.0000,0.0000,0.4475,0.0000,2.6527
1776,3.7508,3.2603,41422,1,0,2081,48,704458,0.0054,0.0000,0.0000,0.0000,0.0617,0.0000,0.0000,0.0000,0.0000,0.0000,0.0000,0.3752,0.0000,2.4612
1777,3.4861,3.9027,41422,1,0,2081,48,704458,0.0057,0.0000,0.0000,0.0000,0.0700,0.0000,0.0000,0.0000,0.0000,0.0000,0.0000,0.4758,0.0000,2.9461
1778,4.1689,3.3060,41422,1,0,2081,48,704458,0.0055,0.0000,0.0000,0.0000,0.0643,0.0000,0.0000,0.0000,0.0000,0.0000,0.0000,0.6068,0.0000,2.5154
1779,3.4030,4.4058,41422,1,0,2081,48,704458,0.0047,0.0000,0.0000,0.0000,0.0954,0.0000,0.0000,0.0000,0.0000,0.0000,0.0000,0.4470,0.0000,3.2064
1780,3.2110,3.1275,41422,1,0,2081,48,704458,0.0048,0.0000,0.0000,0.0000,0.0609,0.0000,0.0000,0.0000,0.0000,0.0000,0.0000,0.3545,0.0000,2.3549
1781,3.7870,3.4673,41422,1,0,2081,48,704458,0.0048,0.0000,0.0000,0.0000,0.0593,0.0000,0.0000,0.0000,0.0000,0.0000,0.0000,0.4536,0.0000,2.5272
1782,3.2105,3.5911,41422,1,0,2081,48,704458,0.0064,0.0000,0.0000,0.0000,0.0722,0.0000,0.0000,0.0000,0.0000,0.0000,0.0000,0.3726,0.0000,2.7412
1783,3.7507,3.3563,41422,1,0,2081,48,704458,0.0048,0.0000,0.0000,0.0000,0.0603,0.0000,0.0000,0.0000,0.0000,0.0000,0.0000,0.3232,0.0000,2.4069
1784,11.5673,3.6565,41422,1,0,2081,48,704458,0.0059,0.0000,0.0000,0.0000,0.0693,0.0000,0.0000,0.0000,0.0000,0.0000,0.0000,0.4248,0.0000,2.8074
1785,3.8114,11.7308,41422,1,0,2081,48,704458,0.0068,0.0000,0.0000,0.0000,0.0775,0.0000,0.0000,0.0000,0.0000,0.0000,0.0000,0.4948,0.0000,3.1044
1786,3.5715,3.7115,41422,1,0,2081,48,704458,0.0065,0.0000,0.0000,0.0000,0.0687,0.0000,0.0000,0.0000,0.0000,0.0000,0.0000,0.5529,0.0000,2.7977
1787,3.3230,3.4668,41422,1,0,2081,48,704458,0.0060,0.0000,0.0000,0.0000,0.0612,0.0000,0.0000,0.0000,0.0000,0.0000,0.0000,0.5141,0.0000,2.6462
1788,3.5451,3.3788,41422,1,0,2081,48,704458,0.0049,0.0000,0.0000,0.0000,0.0634,0.0000,0.0000,0.0000,0.0000,0.0000,0.0000,0.4379,0.0000,2.4322
1789,3.3634,3.4930,41422,1,0,2081,48,704458,0.0054,0.0000,0.0000,0.0000,0.0700,0.0000,0.0000,0.0000,0.0000,0.0000,0.0000,0.3859,0.0000,2.6245
1790,3.6800,3.5578,41422,1,0,2081,48,704458,0.0053,0.0000,0.0000,0.0000,0.0608,0.0000,0.0000,0.0000,0.0000,0.0000,0.0000,0.3484,0.0000,2.5663
1791,3.5553,3.5246,41422,1,0,2081,48,704458,0.0052,0.0000,0.0000,0.0000,0.0649,0.0000,0.0000,0.0000,0.0000,0.0000,0.0000,0.4412,0.0000,2.6714
1792,3.5375,3.7036,41422,1,0,2081,48,704458,0.0063,0.0000,0.0000,0.0000,0.0667,0.0000,0.0000,0.0000,0.0000,0.0000,0.0000,0.3522,0.0000,2.6738
1793,3.6410,3.4686,41422,1,0,2081,48,704458,0.0049,0.0000,0.0000,0.0000,0.0616,0.0000,0.0000,0.0000,0.0000,0.0000,0.0000,0.4224,0.0000,2.5633
1794,3.5923,3.5947,41422,1,0,2081,48,704458,0.0063,0.0000,0.0000,0.0000,0.0704,0.0000,0.0000,0.0000,0.0000,0.0000,0.0000,0.4626,0.0000,2.6893
1795,3.9302,3.6431,41422,1,0,2081,48,704458,0.0060,0.0000,0.0000,0.0000,0.0691,0.0000,0.0000,0.0000,0.0000,0.0000,0.0000,0.5296,0.0000,2.6681
1796,3.4049,3.7681,41422,1,0,2081,48,704458,0.0062,0.0000,0.0000,0.0000,0.0704,0.0000,0.0000,0.0000,0.0000,0.0000,0.0000,0.4127,0.0000,2.8359
1797,3.9408,3.5674,41422,1,0,2081,48,704458,0.0072,0.0000,0.0000,0.0000,0.0631,0.0000,0.0000,0.0000,0.0000,0.0000,0.0000,0.3514,0.0000,2.5827
1798,3.4691,3.9752,41422,1,0,2081,48,704458,0.0063,0.0000,0.0000,0.0000,0.0980,0.0000,0.0000,0.0000,0.0000,0.0000,0.0000,0.4793,0.0000,2.9269
1799,3.3704,3.3366,41422,1,0,2081,48,704458,0.0061,0.0000,0.0000,0.0000,0.0655,0.0000,0.0000,0.0000,0.0000,0.0000,0.0000,0.3727,0.0000,2.4813
