frame,interval_ms,instances,draws,regenerated,gpu_tiles,candidates,MGTerrain.InstanceUpdate,MGTerrain.DetailSelection,MGTerrain.DetailCandidates,MGTerrain.DetailCellBuild,MGTerrain.GpuPrepare,MGTerrain.BrgCulling,MGTerrain.SurfaceRendering,MGTerrain.ResidentVisibility,MGTerrain.ResidentVisibility.Upload
30,10.264,720,1,0,1,288,0.017,0.003,0.000,0.000,0.000,0.000,0.068,0.000,0.000
31,11.862,720,1,900,1,0,0.018,0.004,0.000,0.000,0.000,0.000,0.065,0.000,0.000
32,9.719,720,1,360,1,64,0.863,0.841,0.576,0.193,0.905,0.000,0.101,0.000,0.000
33,9.398,720,1,1080,1,0,0.362,0.347,0.200,0.082,0.104,0.000,0.066,0.000,0.000
34,10.031,720,1,540,1,0,0.774,0.759,0.401,0.287,0.134,0.000,0.074,0.000,0.000
35,9.988,720,1,360,1,0,0.556,0.541,0.174,0.289,0.280,0.000,0.065,0.000,0.000
36,10.039,720,1,180,1,0,0.521,0.499,0.243,0.171,0.102,0.000,0.106,0.000,0.000
37,9.577,540,1,180,1,0,0.648,0.627,0.192,0.252,0.106,0.000,0.099,0.000,0.000
38,9.541,540,1,540,1,0,0.519,0.506,0.186,0.240,0.097,0.000,0.074,0.000,0.000
39,10.150,585,2,1764,2,0,0.578,0.562,0.212,0.260,0.109,0.000,0.078,0.000,0.000
40,10.800,540,1,0,1,0,0.556,0.541,0.187,0.267,0.427,0.000,0.074,0.000,0.000
41,10.404,585,2,2007,2,0,0.734,0.719,0.349,0.272,0.374,0.000,0.067,0.000,0.000
42,9.264,630,2,324,2,0,0.640,0.623,0.238,0.274,0.297,0.000,0.089,0.000,0.000
43,9.402,720,2,630,2,0,0.618,0.603,0.259,0.259,0.130,0.000,0.066,0.000,0.000
44,9.796,720,2,324,2,0,0.645,0.631,0.225,0.300,0.141,0.000,0.073,0.000,0.000
45,10.180,765,2,3105,2,0,0.602,0.588,0.218,0.259,0.142,0.000,0.072,0.000,0.000
46,10.069,720,2,322,2,0,0.705,0.691,0.287,0.286,0.382,0.000,0.077,0.000,0.000
47,10.289,630,2,324,2,0,0.680,0.665,0.296,0.259,0.142,0.000,0.069,0.000,0.000
48,10.464,630,2,360,2,0,0.663,0.648,0.258,0.269,0.142,0.000,0.076,0.000,0.000
49,10.016,630,2,495,2,0,0.683,0.669,0.266,0.289,0.138,0.000,0.094,0.000,0.000
50,9.964,630,2,360,2,32,0.780,0.765,0.345,0.290,0.140,0.000,0.075,0.000,0.000
51,10.542,720,2,324,2,0,0.762,0.747,0.330,0.293,0.139,0.000,0.059,0.000,0.000
52,11.359,720,2,359,2,0,1.541,1.524,1.129,0.262,0.147,0.000,0.091,0.000,0.000
53,10.358,720,2,5829,2,0,1.389,1.373,0.929,0.290,0.145,0.000,0.072,0.000,0.000
54,10.280,854,2,358,2,0,0.753,0.739,0.323,0.290,0.525,0.000,0.075,0.000,0.000
55,9.979,899,2,360,2,0,0.741,0.727,0.307,0.286,0.139,0.000,0.068,0.000,0.000
56,9.664,899,2,360,2,0,0.860,0.842,0.342,0.297,0.154,0.000,0.097,0.000,0.000
57,9.873,944,2,324,2,0,0.750,0.734,0.315,0.284,0.143,0.000,0.063,0.000,0.000
58,9.950,854,2,360,2,0,0.744,0.730,0.318,0.268,0.154,0.000,0.072,0.000,0.000
59,9.464,898,2,358,2,0,0.767,0.752,0.312,0.297,0.145,0.000,0.058,0.000,0.000
60,10.854,943,2,360,2,0,0.799,0.784,0.335,0.293,0.159,0.000,0.082,0.000,0.000
61,9.979,1033,2,360,2,0,0.806,0.790,0.331,0.290,0.185,0.000,0.068,0.000,0.000
62,9.387,1163,2,344,2,0,0.865,0.850,0.395,0.298,0.155,0.000,0.075,0.000,0.000
63,10.484,1203,2,349,2,0,0.785,0.770,0.327,0.290,0.164,0.000,0.063,0.000,0.000
64,9.935,1288,2,349,2,0,0.911,0.895,0.419,0.309,0.154,0.000,0.078,0.000,0.000
65,9.169,1378,2,495,2,0,0.825,0.810,0.351,0.289,0.164,0.000,0.062,0.000,0.000
66,9.884,1392,2,279,2,0,0.873,0.857,0.371,0.311,0.157,0.000,0.076,0.000,0.000
67,9.897,1412,2,274,2,0,0.831,0.816,0.351,0.295,0.160,0.000,0.066,0.000,0.000
68,9.611,1452,2,349,2,0,0.840,0.811,0.367,0.269,0.165,0.000,0.070,0.000,0.000
69,10.267,1562,2,309,2,0,0.826,0.813,0.349,0.288,0.153,0.000,0.061,0.000,0.000
70,11.551,1607,2,11597,2,0,0.829,0.813,0.352,0.293,0.153,0.000,0.076,0.000,0.000
71,10.359,1672,2,332,2,0,0.844,0.829,0.350,0.295,0.926,0.000,0.078,0.000,0.000
72,10.222,1766,2,193,2,0,0.884,0.869,0.364,0.320,0.172,0.000,0.081,0.000,0.000
73,10.049,1766,2,469,2,0,0.924,0.906,0.419,0.283,0.173,0.000,0.073,0.000,0.000
74,10.676,1750,2,294,2,0,0.939,0.922,0.381,0.335,0.176,0.000,0.089,0.000,0.000
75,9.911,1840,2,283,2,0,0.864,0.849,0.361,0.292,0.178,0.000,0.072,0.000,0.000
76,10.224,1885,2,302,2,0,0.873,0.858,0.372,0.271,0.172,0.000,0.079,0.000,0.000
77,10.647,1994,2,289,2,0,0.858,0.843,0.370,0.287,0.175,0.000,0.065,0.000,0.000
78,10.054,2039,2,360,2,0,1.039,1.021,0.549,0.288,0.168,0.000,0.097,0.000,0.000
79,10.946,2132,2,605,2,0,0.866,0.850,0.357,0.299,0.186,0.000,0.063,0.000,0.000
80,10.213,2177,2,494,2,0,0.849,0.833,0.363,0.278,0.199,0.000,0.081,0.000,0.000
81,10.153,2325,2,823,2,0,0.889,0.872,0.366,0.292,0.199,0.000,0.079,0.000,0.000
82,10.058,2414,2,463,2,0,0.889,0.873,0.382,0.293,0.193,0.000,0.081,0.000,0.000
83,9.938,2594,2,535,2,0,0.816,0.802,0.346,0.261,0.189,0.000,0.064,0.000,0.000
84,10.596,2639,2,1235,2,0,0.852,0.838,0.357,0.291,0.196,0.000,0.073,0.000,0.000
85,10.167,2838,2,469,2,0,0.869,0.851,0.355,0.281,0.226,0.000,0.075,0.000,0.000
86,9.896,2883,2,324,2,0,0.834,0.819,0.342,0.289,0.191,0.000,0.071,0.000,0.000
87,10.884,3242,2,989,2,0,0.796,0.782,0.329,0.267,0.180,0.000,0.060,0.000,0.000
88,9.996,3397,2,830,2,0,0.972,0.954,0.400,0.293,0.224,0.000,0.091,0.000,0.000
89,10.430,3534,2,627,2,0,0.873,0.856,0.356,0.293,0.227,0.000,0.068,0.000,0.000
90,11.088,3579,2,1143,2,0,0.857,0.834,0.342,0.294,0.202,0.000,0.079,0.000,0.000
91,10.450,3804,2,999,2,0,1.223,1.206,0.362,0.246,0.249,0.000,0.075,0.000,0.000
92,10.137,4008,2,609,2,0,0.874,0.859,0.347,0.271,0.239,0.000,0.085,0.000,0.000
93,9.887,4112,2,985,2,0,0.877,0.862,0.339,0.292,0.219,0.000,0.068,0.000,0.000
94,11.747,4337,2,1125,2,0,0.835,0.818,0.319,0.272,0.237,0.000,0.073,0.000,0.000
95,11.428,4472,2,639,2,0,1.842,1.822,1.232,0.286,0.237,0.000,0.089,0.000,0.000
96,10.500,4692,2,1440,2,0,2.445,2.427,0.325,0.278,0.238,0.000,0.091,0.000,0.000
97,9.533,4741,2,639,2,0,0.878,0.863,0.308,0.154,0.249,0.000,0.073,0.000,0.000
98,10.133,4966,2,630,2,0,0.633,0.619,0.306,0.093,0.223,0.000,0.075,0.000,0.000
99,10.720,5027,2,450,2,0,0.639,0.625,0.303,0.087,0.247,0.000,0.069,0.000,0.000
100,10.250,4982,2,900,2,0,0.663,0.649,0.326,0.086,0.227,0.000,0.079,0.000,0.000
101,10.644,4913,2,1179,2,0,0.541,0.527,0.294,0.049,0.232,0.000,0.064,0.000,0.000
102,10.419,4999,2,765,2,0,0.900,0.884,0.309,0.097,0.255,0.000,0.078,0.000,0.000
103,9.777,5341,2,1080,2,0,0.688,0.673,0.359,0.057,0.243,0.000,0.065,0.000,0.000
104,10.342,5403,2,468,2,0,0.764,0.747,0.332,0.190,0.250,0.000,0.083,0.000,0.000
105,9.671,5567,2,504,2,0,0.613,0.599,0.286,0.101,0.240,0.000,0.066,0.000,0.000
106,9.754,5567,2,1764,2,0,0.638,0.623,0.281,0.131,0.225,0.000,0.078,0.000,0.000
107,10.100,5538,2,1260,2,0,0.770,0.756,0.276,0.269,0.308,0.000,0.063,0.000,0.000
108,9.619,5503,2,585,2,0,0.718,0.702,0.286,0.190,0.244,0.000,0.093,0.000,0.000
109,10.022,5844,2,999,2,0,0.603,0.587,0.284,0.086,0.226,0.000,0.066,0.000,0.000
110,10.300,5646,2,1395,2,0,0.811,0.796,0.290,0.283,0.234,0.000,0.073,0.000,0.000
111,9.722,5602,2,1179,2,0,0.669,0.655,0.295,0.153,0.252,0.000,0.067,0.000,0.000
112,9.601,5603,2,810,2,0,0.602,0.587,0.301,0.095,0.245,0.000,0.072,0.000,0.000
113,9.767,5513,2,675,2,0,0.586,0.571,0.263,0.119,0.219,0.000,0.067,0.000,0.000
114,10.168,5477,2,1674,2,0,0.707,0.689,0.369,0.124,0.218,0.000,0.096,0.000,0.000
115,10.021,5297,2,1035,2,0,0.742,0.726,0.270,0.235,0.255,0.000,0.140,0.000,0.000
116,11.398,5351,2,999,2,0,0.569,0.555,0.248,0.123,0.249,0.000,0.078,0.000,0.000
117,11.068,5126,2,1530,2,0,0.529,0.514,0.234,0.095,0.223,0.000,0.064,0.000,0.000
118,10.400,5028,2,630,2,0,0.746,0.729,0.259,0.234,0.265,0.000,0.106,0.000,0.000
119,9.909,4993,2,954,2,0,0.675,0.658,0.248,0.195,0.211,0.000,0.081,0.000,0.000
120,11.316,4993,2,1035,2,0,0.677,0.661,0.247,0.213,0.214,0.000,0.087,0.000,0.000
121,10.974,4687,2,1359,2,0,0.775,0.759,0.243,0.296,0.220,0.000,0.076,0.000,0.000
122,10.689,4823,2,990,2,0,0.729,0.714,0.242,0.274,0.242,0.000,0.085,0.000,0.000
123,10.590,4778,2,1170,2,0,0.633,0.617,0.232,0.189,0.210,0.000,0.067,0.000,0.000
124,11.339,4643,2,1134,2,0,0.747,0.731,0.244,0.293,0.305,0.000,0.085,0.000,0.000
125,10.370,4418,2,855,2,48,0.709,0.692,0.227,0.270,0.217,0.000,0.095,0.000,0.000
126,11.437,4428,2,684,2,0,0.776,0.760,0.321,0.258,0.202,0.000,0.089,0.000,0.000
127,10.834,4338,2,1170,2,0,0.686,0.671,0.242,0.251,0.295,0.000,0.075,0.000,0.001
128,10.928,4437,3,1269,3,0,0.842,0.819,0.238,0.359,0.227,0.000,0.127,0.000,0.000
129,10.797,4312,3,550,3,0,0.657,0.641,0.215,0.306,0.439,0.000,0.079,0.000,0.000
130,12.146,4231,3,1134,3,0,0.682,0.666,0.231,0.242,0.214,0.000,0.093,0.000,0.000
131,11.852,4105,3,1252,3,0,0.658,0.641,0.256,0.267,0.222,0.000,0.082,0.000,0.000
132,11.226,4339,3,999,3,0,0.764,0.748,0.224,0.403,0.250,0.000,0.090,0.000,0.000
133,10.929,4438,3,999,3,0,0.788,0.764,0.252,0.272,0.229,0.000,0.123,0.000,0.000
134,11.211,4528,3,1170,3,32,0.644,0.628,0.220,0.274,0.204,0.000,0.092,0.000,0.000
135,10.862,4627,3,829,3,0,0.759,0.743,0.257,0.294,0.220,0.000,0.083,0.000,0.000
136,11.942,4816,3,999,3,0,0.609,0.593,0.278,0.199,0.234,0.000,0.092,0.000,0.000
137,10.707,4771,3,1305,3,0,0.613,0.597,0.215,0.266,0.208,0.000,0.083,0.000,0.000
138,11.059,5050,3,504,3,0,0.744,0.728,0.233,0.296,0.223,0.000,0.090,0.000,0.000
139,10.538,5410,3,1432,3,0,0.655,0.638,0.241,0.206,0.201,0.000,0.083,0.000,0.000
140,11.078,6085,3,1035,3,0,0.578,0.562,0.242,0.193,0.279,0.000,0.096,0.000,0.000
141,11.489,6147,3,827,3,0,0.658,0.642,0.221,0.292,0.219,0.000,0.091,0.000,0.000
142,10.259,5967,3,405,3,0,0.685,0.666,0.271,0.247,0.210,0.000,0.108,0.000,0.000
143,10.388,5832,3,675,3,0,0.487,0.471,0.230,0.121,0.188,0.000,0.068,0.000,0.000
144,10.898,5463,3,1269,3,0,0.601,0.585,0.221,0.237,0.199,0.000,0.085,0.000,0.000
145,10.334,5472,3,360,3,0,0.633,0.617,0.221,0.264,0.218,0.000,0.063,0.000,0.000
146,10.994,5328,3,405,3,0,0.656,0.638,0.237,0.195,0.203,0.000,0.092,0.000,0.000
147,9.803,5148,3,414,3,0,0.487,0.472,0.210,0.136,0.187,0.000,0.075,0.000,0.000
148,10.079,5103,3,540,3,0,0.485,0.470,0.212,0.141,0.188,0.000,0.080,0.000,0.000
149,10.440,5238,3,2277,3,0,0.477,0.463,0.211,0.136,0.174,0.000,0.067,0.000,0.000
150,11.217,5229,3,720,3,0,0.717,0.702,0.209,0.355,0.354,0.000,0.084,0.000,0.000
151,10.956,5184,3,414,3,0,0.509,0.492,0.215,0.155,0.192,0.000,0.079,0.000,0.000
152,10.162,5049,3,45,3,0,0.505,0.490,0.222,0.136,0.195,0.000,0.086,0.000,0.000
153,10.138,5049,3,225,3,0,0.438,0.422,0.209,0.048,0.174,0.000,0.061,0.000,0.000
154,10.361,5139,3,270,3,0,0.453,0.437,0.221,0.089,0.193,0.000,0.084,0.000,0.000
155,10.057,5049,3,225,3,0,0.496,0.480,0.225,0.125,0.179,0.000,0.074,0.000,0.000
156,10.876,4995,3,720,3,0,0.457,0.431,0.220,0.088,0.179,0.000,0.078,0.000,0.000
157,9.492,4995,3,0,3,0,0.484,0.456,0.199,0.149,0.315,0.000,0.058,0.000,0.001
158,10.459,4905,3,414,3,0,0.015,0.003,0.000,0.000,0.000,0.000,0.072,0.000,0.000
159,9.862,4905,3,0,3,0,0.522,0.506,0.222,0.134,0.192,0.000,0.069,0.000,0.000
160,10.238,4770,3,360,3,0,0.016,0.003,0.000,0.000,0.000,0.000,0.080,0.000,0.000
161,10.477,4770,3,0,3,0,0.415,0.400,0.202,0.084,0.184,0.000,0.066,0.000,0.000
162,9.231,4770,3,0,3,0,0.016,0.003,0.000,0.000,0.000,0.000,0.076,0.000,0.000
163,9.870,4500,3,540,3,0,0.017,0.003,0.000,0.000,0.000,0.000,0.054,0.000,0.000
164,9.646,4500,3,0,3,0,0.522,0.507,0.265,0.120,0.178,0.000,0.078,0.000,0.000
165,9.179,4500,3,0,3,0,0.016,0.003,0.000,0.000,0.000,0.000,0.070,0.000,0.000
166,9.425,4500,3,0,3,0,0.016,0.003,0.000,0.000,0.000,0.000,0.075,0.000,0.000
167,10.159,4500,3,0,3,0,0.017,0.003,0.000,0.000,0.000,0.000,0.060,0.000,0.000
168,9.744,4266,3,180,3,0,0.016,0.003,0.000,0.000,0.000,0.000,0.079,0.000,0.000
169,9.169,4266,3,0,3,0,0.294,0.279,0.178,0.000,0.174,0.000,0.064,0.000,0.000
170,9.753,4311,3,180,3,0,0.016,0.003,0.000,0.000,0.000,0.000,0.077,0.000,0.000
171,9.938,4311,3,0,3,0,0.297,0.284,0.178,0.000,0.165,0.000,0.062,0.000,0.000
172,9.887,4176,3,360,3,0,0.016,0.003,0.000,0.000,0.000,0.000,0.073,0.000,0.000
173,10.776,3988,3,900,3,0,0.286,0.272,0.175,0.000,0.180,0.000,0.061,0.000,0.000
174,10.266,3943,3,360,3,0,0.291,0.276,0.182,0.000,0.191,0.000,0.078,0.000,0.000
175,10.385,4087,3,180,3,0,0.270,0.256,0.171,0.000,0.158,0.000,0.074,0.000,0.000
176,10.077,4042,3,0,3,0,0.282,0.268,0.181,0.000,0.169,0.000,0.079,0.000,0.000
177,10.449,3952,3,360,3,0,0.282,0.267,0.179,0.000,0.115,0.000,0.064,0.000,0.000
178,10.951,3952,3,360,3,0,0.277,0.262,0.176,0.000,0.156,0.000,0.076,0.000,0.000
179,10.009,3772,3,180,3,0,0.294,0.280,0.189,0.000,0.164,0.000,0.064,0.000,0.000
180,10.931,3826,3,369,3,0,0.289,0.275,0.188,0.000,0.153,0.000,0.085,0.000,0.000
181,9.855,3655,3,1080,3,0,0.308,0.294,0.187,0.000,0.175,0.000,0.069,0.000,0.000
182,10.130,3700,3,360,3,0,0.293,0.279,0.199,0.000,0.187,0.000,0.074,0.000,0.000
183,10.454,3916,3,585,3,0,0.280,0.267,0.183,0.000,0.161,0.000,0.059,0.000,0.000
184,9.861,3952,3,360,3,0,0.287,0.272,0.180,0.000,0.182,0.000,0.079,0.000,0.000
185,10.324,3718,3,360,3,0,0.282,0.268,0.178,0.000,0.154,0.000,0.062,0.000,0.000
186,9.973,3574,3,900,3,0,0.264,0.250,0.173,0.000,0.155,0.000,0.081,0.000,0.000
187,9.991,3475,3,900,3,0,0.341,0.319,0.201,0.000,0.189,0.000,0.092,0.000,0.000
188,9.612,3205,3,0,3,0,0.357,0.339,0.217,0.000,0.189,0.000,0.078,0.000,0.000
189,10.652,3052,3,720,3,0,0.257,0.243,0.168,0.000,0.109,0.000,0.062,0.000,0.000
190,10.660,3051,3,900,3,0,0.264,0.247,0.172,0.000,0.166,0.000,0.089,0.000,0.000
191,10.046,2772,2,1080,2,0,0.234,0.221,0.155,0.000,0.161,0.000,0.054,0.000,0.000
192,9.792,2574,2,360,2,0,0.266,0.251,0.174,0.000,0.177,0.000,0.082,0.000,0.000
193,9.884,2475,2,180,2,0,0.332,0.318,0.181,0.049,0.149,0.000,0.066,0.000,0.000
194,10.676,2475,2,1260,2,0,0.235,0.223,0.156,0.000,0.140,0.000,0.075,0.000,0.000
195,9.608,2376,2,900,2,0,0.245,0.231,0.160,0.000,0.176,0.000,0.067,0.000,0.000
196,9.648,2394,2,540,2,0,0.224,0.210,0.148,0.000,0.153,0.000,0.076,0.000,0.000
197,10.148,2160,2,1080,2,0,0.314,0.299,0.167,0.050,0.135,0.000,0.069,0.000,0.000
198,10.668,1980,2,1080,2,0,0.225,0.212,0.146,0.000,0.148,0.000,0.081,0.000,0.000
199,9.983,1755,2,360,2,0,0.222,0.208,0.145,0.000,0.165,0.000,0.077,0.000,0.000
200,9.839,1530,2,900,2,0,0.226,0.213,0.153,0.000,0.126,0.000,0.071,0.000,0.000
201,9.486,1440,1,1080,1,0,0.245,0.230,0.150,0.000,0.187,0.000,0.060,0.000,0.000
202,9.723,1440,1,540,1,0,0.322,0.308,0.180,0.050,0.130,0.000,0.074,0.000,0.000
203,9.652,1260,1,900,1,0,0.235,0.221,0.163,0.000,0.130,0.000,0.064,0.000,0.000
204,10.226,1080,1,900,1,0,0.225,0.211,0.150,0.000,0.137,0.000,0.078,0.000,0.000
205,11.606,1080,1,720,1,0,0.241,0.227,0.157,0.000,0.138,0.000,0.067,0.000,0.000
206,9.794,1080,1,360,1,0,0.231,0.217,0.157,0.000,0.138,0.000,0.086,0.000,0.000
207,9.522,900,1,1620,1,0,0.236,0.222,0.165,0.000,0.120,0.000,0.072,0.000,0.000
208,9.125,720,1,540,1,0,0.230,0.217,0.165,0.000,0.158,0.000,0.127,0.000,0.000
209,9.096,720,1,720,1,0,0.224,0.211,0.160,0.000,0.115,0.000,0.077,0.000,0.000
