frame,interval_ms,instances,draws,regenerated,gpu_tiles,candidates,lod_tiles,selected_surface_triangles,MGTerrain.SurfaceLodUpload,MGTerrain.InstanceUpdate,MGTerrain.DetailSelection,MGTerrain.DetailCandidates,MGTerrain.DetailCellBuild,MGTerrain.GpuPrepare,MGTerrain.BrgCulling,MGTerrain.SurfaceRendering,MGTerrain.ResidentVisibility,MGTerrain.ResidentVisibility.Upload
2400,2.577,0,0,0,0,0,0,394752,0.000,0.009,0.001,0.000,0.000,0.000,0.000,0.032,0.000,0.000
2401,3.950,0,0,0,0,0,0,394752,0.000,0.009,0.000,0.000,0.000,0.000,0.000,0.032,0.000,0.000
2402,2.168,0,0,0,0,0,0,394752,0.000,0.010,0.001,0.000,0.000,0.000,0.000,0.038,0.000,0.000
2403,2.013,0,0,0,0,0,0,394752,0.000,0.009,0.000,0.000,0.000,0.000,0.000,0.033,0.000,0.000
2404,2.225,0,0,0,0,0,0,394752,0.000,0.009,0.000,0.000,0.000,0.000,0.000,0.031,0.000,0.000
2405,2.238,0,0,0,0,0,0,394752,0.000,0.009,0.001,0.000,0.000,0.000,0.000,0.030,0.000,0.000
2406,2.243,0,0,0,0,0,0,394752,0.000,0.009,0.001,0.000,0.000,0.000,0.000,0.033,0.000,0.000
2407,2.155,0,0,0,0,0,0,394752,0.000,0.010,0.001,0.000,0.000,0.000,0.000,0.033,0.000,0.000
2408,1.990,0,0,0,0,0,0,394752,0.000,0.009,0.001,0.000,0.000,0.000,0.000,0.031,0.000,0.000
2409,2.201,0,0,0,0,0,0,394752,0.000,0.008,0.001,0.000,0.000,0.000,0.000,0.030,0.000,0.000
2410,2.008,0,0,0,0,0,0,394752,0.000,0.009,0.001,0.000,0.000,0.000,0.000,0.034,0.000,0.000
2411,1.993,0,0,0,0,0,0,394752,0.000,0.009,0.000,0.000,0.000,0.000,0.000,0.031,0.000,0.000
2412,2.000,0,0,0,0,0,0,394752,0.000,0.008,0.001,0.000,0.000,0.000,0.000,0.029,0.000,0.000
2413,2.358,0,0,0,0,0,0,394752,0.000,0.009,0.001,0.000,0.000,0.000,0.000,0.030,0.000,0.000
2414,2.119,0,0,0,0,0,0,394752,0.000,0.011,0.000,0.000,0.000,0.000,0.000,0.039,0.000,0.000
2415,2.019,0,0,0,0,0,0,394752,0.000,0.009,0.001,0.000,0.000,0.000,0.000,0.032,0.000,0.000
2416,2.021,0,0,0,0,0,0,394752,0.000,0.010,0.000,0.000,0.000,0.000,0.000,0.033,0.000,0.000
2417,2.083,0,0,0,0,0,0,394752,0.000,0.008,0.000,0.000,0.000,0.000,0.000,0.031,0.000,0.000
2418,2.279,0,0,0,0,0,0,394752,0.000,0.009,0.000,0.000,0.000,0.000,0.000,0.033,0.000,0.000
2419,2.177,0,0,0,0,0,0,394752,0.000,0.009,0.000,0.000,0.000,0.000,0.000,0.032,0.000,0.000
2420,2.211,0,0,0,0,0,0,394752,0.000,0.009,0.000,0.000,0.000,0.000,0.000,0.034,0.000,0.000
2421,2.632,0,0,0,0,0,0,394752,0.000,0.008,0.001,0.000,0.000,0.000,0.000,0.030,0.000,0.000
2422,2.310,0,0,0,0,0,0,394752,0.000,0.009,0.001,0.000,0.000,0.000,0.000,0.034,0.000,0.000
2423,2.111,0,0,0,0,0,0,394752,0.000,0.011,0.001,0.000,0.000,0.000,0.000,0.038,0.000,0.000
2424,2.534,0,0,0,0,0,0,394752,0.000,0.009,0.001,0.000,0.000,0.000,0.000,0.032,0.000,0.000
2425,2.306,0,0,0,0,0,0,394752,0.000,0.010,0.001,0.000,0.000,0.000,0.000,0.057,0.000,0.000
2426,2.061,0,0,0,0,0,0,394752,0.000,0.010,0.000,0.000,0.000,0.000,0.000,0.035,0.000,0.000
2427,2.063,0,0,0,0,0,0,394752,0.000,0.008,0.000,0.000,0.000,0.000,0.000,0.031,0.000,0.000
2428,2.275,0,0,0,0,0,0,394752,0.000,0.009,0.000,0.000,0.000,0.000,0.000,0.030,0.000,0.000
2429,2.192,0,0,0,0,0,0,394752,0.000,0.010,0.000,0.000,0.000,0.000,0.000,0.037,0.000,0.000
2430,2.636,0,0,0,0,0,0,394752,0.000,0.010,0.000,0.000,0.000,0.000,0.000,0.034,0.000,0.000
2431,2.423,0,0,0,0,0,0,394752,0.000,0.010,0.001,0.000,0.000,0.000,0.000,0.034,0.000,0.000
2432,2.350,0,0,0,0,0,0,394752,0.000,0.010,0.000,0.000,0.000,0.000,0.000,0.036,0.000,0.000
2433,2.019,0,0,0,0,0,0,394752,0.000,0.010,0.000,0.000,0.000,0.000,0.000,0.036,0.000,0.000
2434,2.154,0,0,0,0,0,0,394752,0.000,0.008,0.001,0.000,0.000,0.000,0.000,0.032,0.000,0.000
2435,2.653,0,0,0,0,0,0,394752,0.000,0.008,0.001,0.000,0.000,0.000,0.000,0.030,0.000,0.000
2436,2.437,0,0,0,0,0,0,394752,0.000,0.009,0.000,0.000,0.000,0.000,0.000,0.038,0.000,0.000
2437,2.150,0,0,0,0,0,0,394752,0.000,0.011,0.001,0.000,0.000,0.000,0.000,0.038,0.000,0.000
2438,2.261,0,0,0,0,0,0,394752,0.000,0.009,0.000,0.000,0.000,0.000,0.000,0.032,0.000,0.000
2439,2.414,0,0,0,0,0,0,394752,0.000,0.009,0.000,0.000,0.000,0.000,0.000,0.034,0.000,0.000
2440,2.128,0,0,0,0,0,0,394752,0.000,0.010,0.001,0.000,0.000,0.000,0.000,0.037,0.000,0.000
2441,2.056,0,0,0,0,0,0,394752,0.000,0.009,0.001,0.000,0.000,0.000,0.000,0.033,0.000,0.000
2442,2.144,0,0,0,0,0,0,394752,0.000,0.008,0.001,0.000,0.000,0.000,0.000,0.031,0.000,0.000
2443,2.308,0,0,0,0,0,0,394752,0.000,0.008,0.001,0.000,0.000,0.000,0.000,0.032,0.000,0.000
2444,2.077,0,0,0,0,0,0,394752,0.000,0.009,0.001,0.000,0.000,0.000,0.000,0.036,0.000,0.000
2445,2.287,0,0,0,0,0,0,394752,0.000,0.009,0.001,0.000,0.000,0.000,0.000,0.032,0.000,0.000
2446,2.146,0,0,0,0,0,0,394752,0.000,0.009,0.001,0.000,0.000,0.000,0.000,0.032,0.000,0.000
2447,2.162,0,0,0,0,0,0,394752,0.000,0.008,0.000,0.000,0.000,0.000,0.000,0.032,0.000,0.000
2448,2.169,0,0,0,0,0,0,394752,0.000,0.009,0.001,0.000,0.000,0.000,0.000,0.033,0.000,0.000
2449,2.447,0,0,0,0,0,0,394752,0.000,0.009,0.000,0.000,0.000,0.000,0.000,0.040,0.000,0.000
2450,2.201,0,0,0,0,0,0,394752,0.000,0.009,0.001,0.000,0.000,0.000,0.000,0.031,0.000,0.000
2451,2.271,0,0,0,0,0,0,394752,0.000,0.009,0.000,0.000,0.000,0.000,0.000,0.033,0.000,0.000
2452,2.266,0,0,0,0,0,0,394752,0.000,0.009,0.001,0.000,0.000,0.000,0.000,0.037,0.000,0.000
2453,2.268,0,0,0,0,0,0,394752,0.000,0.009,0.001,0.000,0.000,0.000,0.000,0.033,0.000,0.000
2454,2.240,0,0,0,0,0,0,394752,0.000,0.009,0.001,0.000,0.000,0.000,0.000,0.032,0.000,0.000
2455,2.049,0,0,0,0,0,0,394752,0.000,0.010,0.000,0.000,0.000,0.000,0.000,0.037,0.000,0.000
2456,2.027,0,0,0,0,0,0,394752,0.000,0.009,0.000,0.000,0.000,0.000,0.000,0.031,0.000,0.000
2457,2.080,0,0,0,0,0,0,394752,0.000,0.009,0.001,0.000,0.000,0.000,0.000,0.032,0.000,0.000
2458,2.313,0,0,0,0,0,0,394752,0.000,0.009,0.000,0.000,0.000,0.000,0.000,0.030,0.000,0.000
2459,2.506,0,0,0,0,0,0,394752,0.000,0.011,0.001,0.000,0.000,0.000,0.000,0.039,0.000,0.000
2460,2.599,0,0,0,0,0,0,394752,0.000,0.009,0.000,0.000,0.000,0.000,0.000,0.035,0.000,0.000
2461,2.244,0,0,0,0,0,0,394752,0.000,0.009,0.001,0.000,0.000,0.000,0.000,0.034,0.000,0.000
2462,2.182,0,0,0,0,0,0,394752,0.000,0.010,0.001,0.000,0.000,0.000,0.000,0.036,0.000,0.000
2463,2.170,0,0,0,0,0,0,394752,0.000,0.009,0.001,0.000,0.000,0.000,0.000,0.034,0.000,0.000
2464,2.408,0,0,0,0,0,0,394752,0.000,0.009,0.001,0.000,0.000,0.000,0.000,0.031,0.000,0.000
2465,2.452,0,0,0,0,0,0,394752,0.000,0.009,0.001,0.000,0.000,0.000,0.000,0.030,0.000,0.000
2466,2.434,0,0,0,0,0,0,394752,0.000,0.010,0.001,0.000,0.000,0.000,0.000,0.037,0.000,0.000
2467,2.157,0,0,0,0,0,0,394752,0.000,0.010,0.001,0.000,0.000,0.000,0.000,0.038,0.000,0.000
2468,2.176,0,0,0,0,0,0,394752,0.000,0.009,0.000,0.000,0.000,0.000,0.000,0.032,0.000,0.000
2469,2.609,0,0,0,0,0,0,394752,0.000,0.009,0.001,0.000,0.000,0.000,0.000,0.032,0.000,0.000
2470,2.171,0,0,0,0,0,0,394752,0.000,0.009,0.001,0.000,0.000,0.000,0.000,0.034,0.000,0.000
2471,2.090,0,0,0,0,0,0,394752,0.000,0.009,0.001,0.000,0.000,0.000,0.000,0.032,0.000,0.000
2472,2.348,0,0,0,0,0,0,394752,0.000,0.009,0.001,0.000,0.000,0.000,0.000,0.031,0.000,0.000
2473,2.406,0,0,0,0,0,0,394752,0.000,0.010,0.001,0.000,0.000,0.000,0.000,0.039,0.000,0.000
2474,2.024,0,0,0,0,0,0,394752,0.000,0.009,0.001,0.000,0.000,0.000,0.000,0.035,0.000,0.000
2475,2.002,0,0,0,0,0,0,394752,0.000,0.009,0.000,0.000,0.000,0.000,0.000,0.031,0.000,0.000
2476,2.102,0,0,0,0,0,0,394752,0.000,0.009,0.001,0.000,0.000,0.000,0.000,0.030,0.000,0.000
2477,2.083,0,0,0,0,0,0,394752,0.000,0.010,0.000,0.000,0.000,0.000,0.000,0.034,0.000,0.000
2478,2.340,0,0,0,0,0,0,394752,0.000,0.009,0.000,0.000,0.000,0.000,0.000,0.032,0.000,0.000
2479,2.561,0,0,0,0,0,0,394752,0.000,0.008,0.001,0.000,0.000,0.000,0.000,0.034,0.000,0.000
2480,2.530,0,0,0,0,0,0,394752,0.000,0.009,0.000,0.000,0.000,0.000,0.000,0.035,0.000,0.000
2481,2.369,0,0,0,0,0,0,394752,0.000,0.010,0.001,0.000,0.000,0.000,0.000,0.038,0.000,0.000
2482,3.473,0,0,0,0,0,0,394752,0.000,0.011,0.001,0.000,0.000,0.000,0.000,0.038,0.000,0.000
2483,2.846,0,0,0,0,0,0,394752,0.000,0.012,0.000,0.000,0.000,0.000,0.000,0.039,0.000,0.000
2484,2.239,0,0,0,0,0,0,394752,0.000,0.012,0.001,0.000,0.000,0.000,0.000,0.044,0.000,0.000
2485,2.498,0,0,0,0,0,0,394752,0.000,0.010,0.000,0.000,0.000,0.000,0.000,0.034,0.000,0.000
2486,2.933,0,0,0,0,0,0,394752,0.000,0.009,0.000,0.000,0.000,0.000,0.000,0.033,0.000,0.000
2487,2.911,0,0,0,0,0,0,394752,0.000,0.012,0.000,0.000,0.000,0.000,0.000,0.046,0.000,0.000
2488,2.300,0,0,0,0,0,0,394752,0.000,0.009,0.001,0.000,0.000,0.000,0.000,0.037,0.000,0.000
2489,2.773,0,0,0,0,0,0,394752,0.000,0.009,0.000,0.000,0.000,0.000,0.000,0.032,0.000,0.000
2490,3.283,0,0,0,0,0,0,394752,0.000,0.012,0.000,0.000,0.000,0.000,0.000,0.045,0.000,0.000
2491,2.787,0,0,0,0,0,0,394752,0.000,0.010,0.001,0.000,0.000,0.000,0.000,0.036,0.000,0.000
2492,3.233,0,0,0,0,0,0,394752,0.000,0.010,0.001,0.000,0.000,0.000,0.000,0.037,0.000,0.000
2493,2.631,0,0,0,0,0,0,394752,0.000,0.013,0.000,0.000,0.000,0.000,0.000,0.054,0.000,0.000
2494,2.291,0,0,0,0,0,0,394752,0.000,0.011,0.001,0.000,0.000,0.000,0.000,0.037,0.000,0.000
2495,2.478,0,0,0,0,0,0,394752,0.000,0.009,0.001,0.000,0.000,0.000,0.000,0.033,0.000,0.000
2496,2.613,0,0,0,0,0,0,394752,0.000,0.010,0.000,0.000,0.000,0.000,0.000,0.036,0.000,0.000
2497,2.272,0,0,0,0,0,0,394752,0.000,0.010,0.001,0.000,0.000,0.000,0.000,0.037,0.000,0.000
2498,2.916,0,0,0,0,0,0,394752,0.000,0.012,0.000,0.000,0.000,0.000,0.000,0.041,0.000,0.000
2499,2.590,0,0,0,0,0,0,394752,0.000,0.010,0.001,0.000,0.000,0.000,0.000,0.040,0.000,0.000
2500,2.520,0,0,0,0,0,0,394752,0.000,0.011,0.001,0.000,0.000,0.000,0.000,0.048,0.000,0.000
2501,2.505,0,0,0,0,0,0,394752,0.000,0.009,0.001,0.000,0.000,0.000,0.000,0.035,0.000,0.000
2502,2.684,0,0,0,0,0,0,394752,0.000,0.010,0.001,0.000,0.000,0.000,0.000,0.034,0.000,0.000
2503,2.225,0,0,0,0,0,0,394752,0.000,0.010,0.001,0.000,0.000,0.000,0.000,0.036,0.000,0.000
2504,2.157,0,0,0,0,0,0,394752,0.000,0.009,0.000,0.000,0.000,0.000,0.000,0.031,0.000,0.000
2505,3.180,0,0,0,0,0,0,394752,0.000,0.008,0.001,0.000,0.000,0.000,0.000,0.030,0.000,0.000
2506,2.729,0,0,0,0,0,0,394752,0.000,0.012,0.001,0.000,0.000,0.000,0.000,0.045,0.000,0.000
2507,2.201,0,0,0,0,0,0,394752,0.000,0.013,0.000,0.000,0.000,0.000,0.000,0.051,0.000,0.000
2508,2.846,0,0,0,0,0,0,394752,0.000,0.009,0.001,0.000,0.000,0.000,0.000,0.031,0.000,0.000
2509,2.554,0,0,0,0,0,0,394752,0.000,0.012,0.001,0.000,0.000,0.000,0.000,0.045,0.000,0.000
2510,2.084,0,0,0,0,0,0,394752,0.000,0.039,0.001,0.000,0.000,0.000,0.000,0.049,0.000,0.000
2511,2.326,0,0,0,0,0,0,394752,0.000,0.009,0.001,0.000,0.000,0.000,0.000,0.034,0.000,0.000
2512,2.605,0,0,0,0,0,0,394752,0.000,0.010,0.000,0.000,0.000,0.000,0.000,0.035,0.000,0.000
2513,2.133,0,0,0,0,0,0,394752,0.000,0.011,0.001,0.000,0.000,0.000,0.000,0.042,0.000,0.000
2514,2.053,0,0,0,0,0,0,394752,0.000,0.009,0.000,0.000,0.000,0.000,0.000,0.032,0.000,0.000
2515,2.275,0,0,0,0,0,0,394752,0.000,0.009,0.000,0.000,0.000,0.000,0.000,0.032,0.000,0.000
2516,2.213,0,0,0,0,0,0,394752,0.000,0.010,0.000,0.000,0.000,0.000,0.000,0.039,0.000,0.000
2517,2.292,0,0,0,0,0,0,394752,0.000,0.010,0.001,0.000,0.000,0.000,0.000,0.035,0.000,0.000
2518,2.526,0,0,0,0,0,0,394752,0.000,0.009,0.001,0.000,0.000,0.000,0.000,0.031,0.000,0.000
2519,3.016,0,0,0,0,0,0,394752,0.000,0.009,0.001,0.000,0.000,0.000,0.000,0.030,0.000,0.000
2520,3.235,0,0,0,0,0,0,394752,0.000,0.011,0.001,0.000,0.000,0.000,0.000,0.051,0.000,0.000
2521,3.111,0,0,0,0,0,0,394752,0.000,0.010,0.000,0.000,0.000,0.000,0.000,0.035,0.000,0.000
2522,2.930,0,0,0,0,0,0,394752,0.000,0.012,0.001,0.000,0.000,0.000,0.000,0.047,0.000,0.000
2523,2.381,0,0,0,0,0,0,394752,0.000,0.011,0.000,0.000,0.000,0.000,0.000,0.042,0.000,0.000
2524,2.306,0,0,0,0,0,0,394752,0.000,0.010,0.001,0.000,0.000,0.000,0.000,0.034,0.000,0.000
2525,2.693,0,0,0,0,0,0,394752,0.000,0.010,0.001,0.000,0.000,0.000,0.000,0.034,0.000,0.000
2526,2.189,0,0,0,0,0,0,394752,0.000,0.011,0.000,0.000,0.000,0.000,0.000,0.038,0.000,0.000
2527,2.101,0,0,0,0,0,0,394752,0.000,0.009,0.000,0.000,0.000,0.000,0.000,0.032,0.000,0.000
2528,2.330,0,0,0,0,0,0,394752,0.000,0.008,0.000,0.000,0.000,0.000,0.000,0.032,0.000,0.000
2529,2.256,0,0,0,0,0,0,394752,0.000,0.009,0.001,0.000,0.000,0.000,0.000,0.035,0.000,0.000
2530,2.161,0,0,0,0,0,0,394752,0.000,0.010,0.001,0.000,0.000,0.000,0.000,0.036,0.000,0.000
2531,2.208,0,0,0,0,0,0,394752,0.000,0.009,0.000,0.000,0.000,0.000,0.000,0.032,0.000,0.000
2532,2.796,0,0,0,0,0,0,394752,0.000,0.008,0.000,0.000,0.000,0.000,0.000,0.031,0.000,0.000
2533,2.383,0,0,0,0,0,0,394752,0.000,0.012,0.000,0.000,0.000,0.000,0.000,0.049,0.000,0.000
2534,2.153,0,0,0,0,0,0,394752,0.000,0.010,0.001,0.000,0.000,0.000,0.000,0.036,0.000,0.000
2535,2.342,0,0,0,0,0,0,394752,0.000,0.009,0.001,0.000,0.000,0.000,0.000,0.033,0.000,0.000
2536,2.308,0,0,0,0,0,0,394752,0.000,0.009,0.001,0.000,0.000,0.000,0.000,0.034,0.000,0.000
2537,2.027,0,0,0,0,0,0,394752,0.000,0.010,0.000,0.000,0.000,0.000,0.000,0.035,0.000,0.000
2538,2.061,0,0,0,0,0,0,394752,0.000,0.009,0.001,0.000,0.000,0.000,0.000,0.031,0.000,0.000
2539,2.623,0,0,0,0,0,0,394752,0.000,0.009,0.001,0.000,0.000,0.000,0.000,0.031,0.000,0.000
2540,2.713,0,0,0,0,0,0,394752,0.000,0.011,0.000,0.000,0.000,0.000,0.000,0.043,0.000,0.000
2541,2.726,0,0,0,0,0,0,394752,0.000,0.010,0.000,0.000,0.000,0.000,0.000,0.046,0.000,0.000
2542,2.781,0,0,0,0,0,0,394752,0.000,0.011,0.001,0.000,0.000,0.000,0.000,0.044,0.000,0.000
2543,2.500,0,0,0,0,0,0,394752,0.000,0.011,0.000,0.000,0.000,0.000,0.000,0.040,0.000,0.000
2544,2.560,0,0,0,0,0,0,394752,0.000,0.011,0.000,0.000,0.000,0.000,0.000,0.036,0.000,0.000
2545,2.562,0,0,0,0,0,0,394752,0.000,0.009,0.001,0.000,0.000,0.000,0.000,0.034,0.000,0.000
2546,2.651,0,0,0,0,0,0,394752,0.000,0.010,0.000,0.000,0.000,0.000,0.000,0.038,0.000,0.000
2547,2.199,0,0,0,0,0,0,394752,0.000,0.011,0.001,0.000,0.000,0.000,0.000,0.040,0.000,0.000
2548,2.312,0,0,0,0,0,0,394752,0.000,0.009,0.001,0.000,0.000,0.000,0.000,0.033,0.000,0.000
2549,2.806,0,0,0,0,0,0,394752,0.000,0.009,0.001,0.000,0.000,0.000,0.000,0.031,0.000,0.000
2550,2.888,0,0,0,0,0,0,394752,0.000,0.012,0.001,0.000,0.000,0.000,0.000,0.044,0.000,0.000
2551,2.447,0,0,0,0,0,0,394752,0.000,0.011,0.000,0.000,0.000,0.000,0.000,0.037,0.000,0.000
2552,3.125,0,0,0,0,0,0,394752,0.000,0.009,0.001,0.000,0.000,0.000,0.000,0.034,0.000,0.000
2553,2.492,0,0,0,0,0,0,394752,0.000,0.013,0.001,0.000,0.000,0.000,0.000,0.048,0.000,0.000
2554,2.096,0,0,0,0,0,0,394752,0.000,0.011,0.000,0.000,0.000,0.000,0.000,0.035,0.000,0.000
2555,2.477,0,0,0,0,0,0,394752,0.000,0.008,0.001,0.000,0.000,0.000,0.000,0.031,0.000,0.000
2556,2.677,0,0,0,0,0,0,394752,0.000,0.010,0.001,0.000,0.000,0.000,0.000,0.039,0.000,0.000
2557,2.118,0,0,0,0,0,0,394752,0.000,0.011,0.001,0.000,0.000,0.000,0.000,0.038,0.000,0.000
2558,2.508,0,0,0,0,0,0,394752,0.000,0.010,0.000,0.000,0.000,0.000,0.000,0.034,0.000,0.000
2559,2.807,0,0,0,0,0,0,394752,0.000,0.011,0.000,0.000,0.000,0.000,0.000,0.044,0.000,0.000
2560,2.246,0,0,0,0,0,0,394752,0.000,0.011,0.001,0.000,0.000,0.000,0.000,0.040,0.000,0.000
2561,2.304,0,0,0,0,0,0,394752,0.000,0.009,0.001,0.000,0.000,0.000,0.000,0.033,0.000,0.000
2562,2.644,0,0,0,0,0,0,394752,0.000,0.009,0.000,0.000,0.000,0.000,0.000,0.031,0.000,0.000
2563,2.365,0,0,0,0,0,0,394752,0.000,0.011,0.001,0.000,0.000,0.000,0.000,0.041,0.000,0.000
2564,2.331,0,0,0,0,0,0,394752,0.000,0.010,0.000,0.000,0.000,0.000,0.000,0.034,0.000,0.000
2565,2.654,0,0,0,0,0,0,394752,0.000,0.009,0.001,0.000,0.000,0.000,0.000,0.031,0.000,0.000
2566,2.430,0,0,0,0,0,0,394752,0.000,0.010,0.001,0.000,0.000,0.000,0.000,0.037,0.000,0.000
2567,2.218,0,0,0,0,0,0,394752,0.000,0.010,0.000,0.000,0.000,0.000,0.000,0.034,0.000,0.000
2568,2.212,0,0,0,0,0,0,394752,0.000,0.009,0.000,0.000,0.000,0.000,0.000,0.032,0.000,0.000
2569,2.406,0,0,0,0,0,0,394752,0.000,0.009,0.001,0.000,0.000,0.000,0.000,0.031,0.000,0.000
2570,2.228,0,0,0,0,0,0,394752,0.000,0.010,0.000,0.000,0.000,0.000,0.000,0.037,0.000,0.000
2571,2.281,0,0,0,0,0,0,394752,0.000,0.009,0.000,0.000,0.000,0.000,0.000,0.033,0.000,0.000
2572,2.709,0,0,0,0,0,0,394752,0.000,0.009,0.000,0.000,0.000,0.000,0.000,0.032,0.000,0.000
2573,2.806,0,0,0,0,0,0,394752,0.000,0.010,0.001,0.000,0.000,0.000,0.000,0.040,0.000,0.000
2574,2.139,0,0,0,0,0,0,394752,0.000,0.011,0.001,0.000,0.000,0.000,0.000,0.044,0.000,0.000
2575,2.139,0,0,0,0,0,0,394752,0.000,0.010,0.001,0.000,0.000,0.000,0.000,0.034,0.000,0.000
2576,2.498,0,0,0,0,0,0,394752,0.000,0.008,0.000,0.000,0.000,0.000,0.000,0.030,0.000,0.000
2577,2.357,0,0,0,0,0,0,394752,0.000,0.010,0.001,0.000,0.000,0.000,0.000,0.038,0.000,0.000
2578,2.297,0,0,0,0,0,0,394752,0.000,0.010,0.000,0.000,0.000,0.000,0.000,0.035,0.000,0.000
2579,2.399,0,0,0,0,0,0,394752,0.000,0.010,0.000,0.000,0.000,0.000,0.000,0.033,0.000,0.000
