phase,quality,frame,wall_ms,gpu_ms,cpu_ms,triangles,batches
0,50,60,15.4902,11.8643,15.2203,10080,6
0,50,61,16.8273,7.9959,15.1735,10080,6
0,50,62,14.9745,8.7265,15.4999,10080,6
0,50,63,15.7301,12.2033,15.1648,10080,6
0,50,64,14.6067,8.5343,16.2998,10080,6
0,50,65,15.3714,8.3633,15.9807,10080,6
0,50,66,15.4452,12.5404,14.8047,10080,6
0,50,67,14.2577,15.1398,15.7781,10080,6
0,50,68,14.8709,7.6285,14.5259,10080,6
0,50,69,15.2471,12.2598,15.4588,10080,6
0,50,70,15.1802,12.4188,15.4405,10080,6
0,50,71,15.2530,8.3804,14.4756,10080,6
0,50,72,14.7425,11.8999,14.6465,10080,6
0,50,73,14.9864,12.1595,15.3749,10080,6
0,50,74,14.4996,7.8356,14.8975,10080,6
0,50,75,15.1829,7.4058,15.3952,10080,6
0,50,76,14.8219,8.2560,14.8228,10080,6
0,50,77,14.3853,8.0387,14.8298,10080,6
0,50,78,14.8529,12.0760,14.5065,10080,6
0,50,79,15.9605,8.1697,15.1062,10080,6
0,50,80,14.9097,7.5791,14.8383,10080,6
0,50,81,14.9611,11.4084,14.4262,10080,6
0,50,82,14.5580,7.8702,15.0010,10080,6
0,50,83,14.6764,0.0000,15.8904,10080,6
0,50,84,15.0685,12.2097,14.7989,10080,6
0,50,85,15.9000,14.2508,15.1297,10080,6
0,50,86,14.8523,8.8474,14.4936,10080,6
0,50,87,15.4111,7.6221,14.6661,10080,6
0,50,88,14.5467,8.2527,14.9191,10080,6
0,50,89,14.8948,13.0179,16.1272,10080,6
0,50,90,18.3981,7.9365,14.8039,10080,6
0,50,91,17.1366,8.3676,15.4340,10080,6
0,50,92,15.5158,11.5927,14.4079,10080,6
0,50,93,16.1044,12.0502,14.9823,10080,6
0,50,94,15.1196,9.2380,18.4072,10080,6
0,50,95,16.4828,12.1004,17.4896,10080,6
0,50,96,14.7798,8.1841,15.1535,10080,6
0,50,97,14.8338,8.8097,16.1434,10080,6
0,50,98,15.9598,7.9327,15.0461,10080,6
0,50,99,15.5400,0.0000,16.6092,10080,6
0,50,100,15.2736,7.3567,14.7361,10080,6
0,50,101,15.1538,12.2995,14.9194,10080,6
0,50,102,14.9839,12.9247,15.8687,10080,6
0,50,103,15.2378,14.7668,15.4642,10080,6
0,50,104,14.8959,8.9024,15.1933,10080,6
0,50,105,15.8165,7.9327,15.2424,10080,6
0,50,106,15.1648,15.4668,14.9804,10080,6
0,50,107,14.3106,8.0812,15.0940,10080,6
0,50,108,14.9748,11.7146,14.9226,10080,6
0,50,109,15.1308,7.8989,15.9030,10080,6
0,50,110,15.4148,8.2217,15.1604,10080,6
0,50,111,16.0901,14.6839,14.2128,10080,6
0,50,112,15.4150,7.7320,15.1973,10080,6
0,50,113,15.7537,11.9634,14.9791,10080,6
0,50,114,14.9775,12.4987,15.3353,10080,6
0,50,115,18.4241,7.8467,16.2414,10080,6
0,50,116,15.5517,12.0430,15.4121,10080,6
0,50,117,14.9471,15.6703,15.8043,10080,6
0,50,118,15.2001,11.0784,14.9028,10080,6
0,50,119,15.7924,9.4185,18.4766,10080,6
0,50,120,15.6551,12.0878,15.4659,10080,6
0,50,121,16.6087,8.4436,14.8996,10080,6
0,50,122,15.2870,12.3482,15.2573,10080,6
0,50,123,22.1813,8.0714,15.9476,10080,6
0,50,124,19.2466,12.5304,15.5061,10080,6
0,50,125,18.4807,15.7988,16.8291,10080,6
0,50,126,19.8686,10.9225,15.0261,10080,6
0,50,127,15.3510,15.2310,24.5128,10080,6
0,50,128,14.8612,15.3879,18.9995,10080,6
0,50,129,16.1449,13.4497,16.5329,10080,6
0,50,130,16.1875,9.0621,19.9045,10080,6
0,50,131,16.3328,12.5373,15.4527,10080,6
0,50,132,15.5239,8.1044,14.5621,10080,6
0,50,133,16.1537,12.8671,16.2113,10080,6
0,50,134,16.6076,8.5402,16.2458,10080,6
0,50,135,15.9203,12.9160,16.2825,10080,6
0,50,136,15.7257,9.1338,15.4697,10080,6
0,50,137,16.0922,13.2931,16.2352,10080,6
0,50,138,15.2659,11.5645,16.6921,10080,6
0,50,139,15.5007,8.4585,15.8522,10080,6
1,4,60,16.9229,11.0792,16.2908,10080,6
1,4,61,16.6631,8.6426,15.9028,10080,6
1,4,62,16.1512,8.4380,16.5411,10080,6
1,4,63,15.6295,12.9917,16.4781,10080,6
1,4,64,15.8852,13.1200,17.0548,10080,6
1,4,65,17.0155,16.0169,16.7078,10080,6
1,4,66,15.6158,8.8458,16.0226,10080,6
1,4,67,16.2402,15.7908,15.5223,10080,6
1,4,68,16.3180,8.7839,16.0356,10080,6
1,4,69,15.8381,16.8796,17.0895,10080,6
1,4,70,16.1889,7.9424,15.6725,10080,6
1,4,71,16.1805,13.5040,16.1613,10080,6
1,4,72,17.0360,12.9052,16.2443,10080,6
1,4,73,16.6364,15.4678,16.0961,10080,6
1,4,74,16.0600,13.0312,16.0794,10080,6
1,4,75,18.4196,7.6808,16.0993,10080,6
1,4,76,17.0824,16.7808,16.9917,10080,6
1,4,77,16.4983,13.8048,16.6936,10080,6
1,4,78,16.2159,16.4122,16.3776,10080,6
1,4,79,17.2546,14.0613,18.3353,10080,6
1,4,80,16.3730,16.9933,16.9182,10080,6
1,4,81,16.5514,13.0834,16.5022,10080,6
1,4,82,16.3399,16.1631,16.1560,10080,6
1,4,83,16.2701,13.5224,17.1739,10080,6
1,4,84,16.7095,8.6231,16.4347,10080,6
1,4,85,17.3940,12.5358,16.5376,10080,6
1,4,86,17.0394,8.9546,16.3166,10080,6
1,4,87,17.2940,13.3207,16.4077,10080,6
1,4,88,16.5355,8.5491,16.6836,10080,6
1,4,89,17.8162,13.9515,17.3730,10080,6
1,4,90,18.0313,8.3282,16.9118,10080,6
1,4,91,17.0794,14.2607,17.3039,10080,6
1,4,92,21.8874,8.5414,16.6100,10080,6
1,4,93,21.1511,14.0795,17.9265,10080,6
1,4,94,19.9362,8.4447,17.8356,10080,6
1,4,95,25.2416,8.4232,17.3292,10080,6
1,4,96,19.1526,17.2749,21.7379,10080,6
1,4,97,18.0692,13.1410,21.1476,10080,6
1,4,98,17.1009,9.0826,20.1414,10080,6
1,4,99,16.7777,13.3171,27.2057,10080,6
1,4,100,18.7357,8.1976,18.8821,10080,6
1,4,101,17.9990,8.4675,15.9902,10080,6
1,4,102,17.6555,13.8035,17.3002,10080,6
1,4,103,19.0706,8.2271,16.8236,10080,6
1,4,104,17.8112,13.7892,18.8698,10080,6
1,4,105,18.1075,8.2348,17.9218,10080,6
1,4,106,17.8969,17.1200,17.9562,10080,6
1,4,107,17.1857,12.7731,18.6392,10080,6
1,4,108,17.9090,16.7319,17.6975,10080,6
1,4,109,17.4130,17.4733,18.0373,10080,6
1,4,110,17.7176,9.0775,18.4357,10080,6
1,4,111,16.7049,17.2590,17.1913,10080,6
1,4,112,16.7875,13.9924,17.6287,10080,6
1,4,113,16.6278,17.1896,17.4286,10080,6
1,4,114,16.5403,14.1832,17.5428,10080,6
1,4,115,17.4471,8.0614,16.7710,10080,6
1,4,116,16.6773,16.9065,16.7313,10080,6
1,4,117,16.6230,10.9727,16.4091,10080,6
1,4,118,16.9816,16.3244,16.9936,10080,6
1,4,119,18.6014,16.7974,17.3232,10080,6
1,4,120,17.0825,8.0164,16.8596,10080,6
1,4,121,14.7079,16.2284,16.2796,10080,6
1,4,122,13.4762,12.6367,17.0459,10080,6
1,4,123,13.1926,8.8156,18.6616,10080,6
1,4,124,13.5967,15.7816,17.0719,10080,6
1,4,125,13.3729,7.9834,14.7458,10080,6
1,4,126,14.1476,8.5366,13.2525,10080,6
1,4,127,13.4735,8.3663,13.1438,10080,6
1,4,128,13.6450,8.4086,13.6240,10080,6
1,4,129,13.3228,12.6193,13.6467,10080,6
1,4,130,13.7751,11.2809,14.2643,10080,6
1,4,131,13.1659,8.1587,12.9923,10080,6
1,4,132,13.8127,8.7788,13.9643,10080,6
1,4,133,13.7083,8.3540,13.0670,10080,6
1,4,134,13.9794,7.9718,14.1905,10080,6
1,4,135,14.0051,7.5113,12.9374,10080,6
1,4,136,13.6753,13.0734,13.9162,10080,6
1,4,137,14.0937,13.8944,13.6357,10080,6
1,4,138,13.2297,13.3837,14.0875,10080,6
1,4,139,12.7575,8.4083,13.9401,10080,6
2,50,60,14.0902,8.0553,13.9040,10080,6
2,50,61,13.5023,8.3704,13.5447,10080,6
2,50,62,13.1682,7.8559,13.9119,10080,6
2,50,63,13.2141,8.7757,13.6523,10080,6
2,50,64,13.7695,8.3873,14.3041,10080,6
2,50,65,14.2623,8.6615,13.4315,10080,6
2,50,66,12.8093,13.2769,13.1219,10080,6
2,50,67,13.2188,13.6312,13.3577,10080,6
2,50,68,12.6385,13.2063,13.6536,10080,6
2,50,69,13.3152,8.6031,14.1127,10080,6
2,50,70,14.1598,7.2294,12.8642,10080,6
2,50,71,13.7990,8.3282,13.1836,10080,6
2,50,72,13.9636,8.3310,12.9586,10080,6
2,50,73,13.2418,8.6904,12.9309,10080,6
2,50,74,13.5649,8.5240,14.4765,10080,6
2,50,75,14.3164,8.1966,13.6797,10080,6
2,50,76,14.0143,13.4164,13.9312,10080,6
2,50,77,13.4188,8.4613,13.2382,10080,6
2,50,78,12.9658,8.2757,13.8017,10080,6
2,50,79,12.6630,8.4227,14.1306,10080,6
2,50,80,14.6269,7.9959,14.1103,10080,6
2,50,81,13.0074,7.9414,13.0696,10080,6
2,50,82,13.7963,8.2642,13.2304,10080,6
2,50,83,12.7736,8.0259,12.8484,10080,6
2,50,84,12.7357,13.8476,14.2860,10080,6
2,50,85,13.6644,12.6397,13.2302,10080,6
2,50,86,13.2209,8.4649,13.7017,10080,6
2,50,87,13.4369,8.1636,12.4853,10080,6
2,50,88,13.1346,8.2785,13.0338,10080,6
2,50,89,12.9571,8.8300,13.5269,10080,6
2,50,90,14.4801,7.5868,13.2735,10080,6
2,50,91,13.3541,11.4537,13.4215,10080,6
2,50,92,14.2014,13.0327,13.2163,10080,6
2,50,93,13.2770,13.2114,12.9208,10080,6
2,50,94,13.5217,8.3131,14.6221,10080,6
2,50,95,13.9811,7.8792,13.2770,10080,6
2,50,96,13.2407,9.4996,14.3471,10080,6
2,50,97,12.7797,8.6469,12.9707,10080,6
2,50,98,13.7846,8.4083,13.8954,10080,6
2,50,99,13.0806,11.2013,13.7980,10080,6
2,50,100,14.2818,10.1535,13.1286,10080,6
2,50,101,13.4341,8.0824,12.8660,10080,6
2,50,102,13.0941,8.6364,13.6308,10080,6
2,50,103,13.0288,8.1283,13.3720,10080,6
2,50,104,13.4832,7.4824,14.1933,10080,6
2,50,105,13.6509,8.1528,13.4031,10080,6
2,50,106,13.6396,11.0236,13.1313,10080,6
2,50,107,12.9684,13.0696,12.9192,10080,6
2,50,108,13.0060,13.1707,13.3891,10080,6
2,50,109,13.3334,8.2796,13.7611,10080,6
2,50,110,14.2376,7.5709,13.7475,10080,6
2,50,111,13.8601,8.0486,12.8384,10080,6
2,50,112,13.7064,8.4756,13.0373,10080,6
2,50,113,13.2147,8.4698,13.2309,10080,6
2,50,114,13.8749,8.3208,14.4866,10080,6
2,50,115,13.0036,8.4465,13.7852,10080,6
2,50,116,13.9506,13.7820,13.6592,10080,6
2,50,117,13.3063,13.0552,13.2397,10080,6
2,50,118,13.6220,12.8916,13.6840,10080,6
2,50,119,12.8753,8.4710,13.0481,10080,6
2,50,120,14.3866,8.2081,14.1245,10080,6
2,50,121,13.0757,8.6241,13.2202,10080,6
2,50,122,13.6358,8.9994,13.8192,10080,6
2,50,123,12.9326,8.3592,12.5854,10080,6
2,50,124,14.3627,11.4409,14.5827,10080,6
2,50,125,13.4668,10.4082,13.1460,10080,6
2,50,126,13.0339,8.6784,13.4260,10080,6
2,50,127,13.4200,8.5222,13.1085,10080,6
2,50,128,12.9916,8.6653,14.1039,10080,6
2,50,129,13.4723,8.2281,13.6396,10080,6
2,50,130,14.3456,8.0289,12.8852,10080,6
2,50,131,13.0191,11.1224,13.3288,10080,6
2,50,132,13.9091,13.4797,13.2858,10080,6
2,50,133,13.7939,12.8274,13.3735,10080,6
2,50,134,13.3014,8.5934,14.4373,10080,6
2,50,135,14.3799,8.3036,12.9775,10080,6
2,50,136,19.6164,8.2611,13.8255,10080,6
2,50,137,17.9164,8.3379,13.7317,10080,6
2,50,138,18.2636,8.4997,13.6048,10080,6
2,50,139,13.3401,11.4742,13.9520,10080,6
3,4,60,13.4328,7.8502,13.0442,10080,6
3,4,61,13.3238,10.7814,13.5845,10080,6
3,4,62,13.3547,13.4861,13.3824,10080,6
3,4,63,13.8726,13.1451,13.6047,10080,6
3,4,64,13.1387,8.2501,13.3593,10080,6
3,4,65,13.6093,7.7297,13.3384,10080,6
3,4,66,12.5572,8.3643,13.3581,10080,6
3,4,67,13.2127,8.2015,13.8251,10080,6
3,4,68,13.0778,8.1713,13.2800,10080,6
3,4,69,13.6181,11.0589,13.4484,10080,6
3,4,70,13.6871,10.1146,12.5889,10080,6
3,4,71,13.5646,7.7509,13.2353,10080,6
3,4,72,13.1131,8.2248,12.9834,10080,6
3,4,73,12.7225,8.4841,13.8630,10080,6
3,4,74,13.1561,8.1856,13.4260,10080,6
3,4,75,14.2275,7.3434,13.7052,10080,6
3,4,76,12.6729,10.0751,12.8721,10080,6
3,4,77,12.9343,11.9877,12.9636,10080,6
3,4,78,12.7626,13.1085,13.1588,10080,6
3,4,79,13.2939,8.1029,14.2395,10080,6
3,4,80,13.4816,7.5535,12.5053,10080,6
3,4,81,13.5713,7.7384,13.0332,10080,6
3,4,82,14.0599,7.6736,12.8037,10080,6
3,4,83,13.0947,7.5812,13.1303,10080,6
3,4,84,12.6095,7.9585,13.6614,10080,6
3,4,85,14.0639,8.4434,13.7369,10080,6
3,4,86,13.0901,13.7108,13.8246,10080,6
3,4,87,13.4094,12.6963,13.1753,10080,6
3,4,88,13.1259,12.7145,12.5508,10080,6
3,4,89,14.1472,8.2033,14.2762,10080,6
3,4,90,14.0117,7.6810,12.9455,10080,6
3,4,91,14.2074,7.8564,13.5469,10080,6
3,4,92,12.9683,8.6067,13.2226,10080,6
3,4,93,13.7499,8.2765,13.8928,10080,6
3,4,94,13.0950,10.9256,14.0150,10080,6
3,4,95,14.0841,10.8692,14.1997,10080,6
3,4,96,13.7581,8.5573,13.0971,10080,6
3,4,97,13.7485,7.9217,13.6380,10080,6
3,4,98,12.8349,7.9946,12.7990,10080,6
3,4,99,13.0850,7.2241,14.5381,10080,6
3,4,100,13.4072,8.2243,13.4963,10080,6
3,4,101,13.6938,10.3429,13.6470,10080,6
3,4,102,13.6432,12.6984,12.8367,10080,6
3,4,103,13.0967,12.4703,13.1210,10080,6
3,4,104,13.4428,8.2048,13.6733,10080,6
3,4,105,14.2323,8.0563,13.6526,10080,6
3,4,106,13.8087,8.5568,13.6922,10080,6
3,4,107,14.1421,7.9020,12.9230,10080,6
3,4,108,13.0712,7.8986,13.2591,10080,6
3,4,109,13.5219,8.1848,14.5335,10080,6
3,4,110,13.6815,8.5181,13.6236,10080,6
3,4,111,13.6777,13.1789,14.2678,10080,6
3,4,112,13.0690,13.7029,13.1540,10080,6
3,4,113,13.1330,7.8354,13.5132,10080,6
3,4,114,13.5876,7.7560,13.5835,10080,6
3,4,115,14.8158,8.1060,13.7720,10080,6
3,4,116,13.1076,8.1239,12.8407,10080,6
3,4,117,13.2447,8.2440,13.2764,10080,6
3,4,118,12.7808,8.4977,13.5756,10080,6
3,4,119,13.6901,11.1921,14.8703,10080,6
3,4,120,13.1476,10.7223,12.9947,10080,6
3,4,121,13.4433,8.1976,13.2645,10080,6
3,4,122,13.5115,7.9096,12.8787,10080,6
3,4,123,13.1878,7.9350,13.6819,10080,6
3,4,124,13.0962,8.0207,13.0831,10080,6
3,4,125,14.7056,8.5811,13.6035,10080,6
3,4,126,12.7772,10.9138,13.2212,10080,6
3,4,127,14.0842,12.9260,13.3544,10080,6
3,4,128,13.9639,13.0373,13.1946,10080,6
3,4,129,13.2049,8.0353,14.7282,10080,6
3,4,130,13.9142,7.8730,12.6902,10080,6
3,4,131,13.7178,8.7178,13.9852,10080,6
3,4,132,12.8127,8.3302,13.9784,10080,6
3,4,133,13.6261,8.0312,13.3170,10080,6
3,4,134,12.6529,11.3055,13.9230,10080,6
3,4,135,14.4856,10.7420,13.6586,10080,6
3,4,136,13.1368,8.3461,12.7816,10080,6
3,4,137,13.4437,8.1836,13.6544,10080,6
3,4,138,13.5281,7.8702,12.5051,10080,6
3,4,139,13.6333,7.9903,14.6672,10080,6
